PUL0013	8.26e-94	3300006250_17
PUL0024	2.7e-58	3300006250_17
PUL0180	6.99e-30	3300006250_17
PUL0214	1.62e-85	3300006250_17
PUL0230	3.36e-128	3300006250_17
PUL0267	1.22e-245	3300006250_17
PUL0280	7.81e-05	3300006250_17
PUL0326	1.84e-21	3300006250_17
PUL0326	2.99e-21	3300006250_17
PUL0333	2.45e-119	3300006250_17
PUL0340	6.24e-302	3300006250_17
PUL0347	2.37e-307	3300006250_17
PUL0501	1.8e-162	3300006250_17
PUL0519	4.35e-293	3300006250_17
PUL01060	5.57e-231	3300006250_17
PUL01212	3.25e-33	3300006250_17
PUL04066	7.7e-189	3300006250_17
PUL05302	1.17e-211	3300006250_17
PUL0017	6.02e-175	3300006259_15
PUL0022	1.94e-92	3300006259_15
PUL0108	6.92e-40	3300006259_15
PUL0124	8.02e-192	3300006259_15
PUL0216	3.28e-68	3300006259_15
PUL0230	9.42e-128	3300006259_15
PUL0267	8e-247	3300006259_15
PUL0300	2.14e-86	3300006259_15
PUL0340	7.32e-302	3300006259_15
PUL0347	2.23e-307	3300006259_15
PUL0375	3.15e-96	3300006259_15
PUL0390	2.77e-76	3300006259_15
PUL0519	7e-293	3300006259_15
PUL0599	5.75e-88	3300006259_15
PUL01060	9.07e-234	3300006259_15
PUL03362	1.41e-13	3300006259_15
PUL04066	6.43e-190	3300006259_15
PUL0016	1.65e-155	3300007109_9
PUL0017	3.59e-179	3300007109_9
PUL0019	2.21e-129	3300007109_9
PUL0025	2.82e-129	3300007109_9
PUL0028	9.65e-71	3300007109_9
PUL0029	2.98e-114	3300007109_9
PUL0029	7.59e-180	3300007109_9
PUL0038	2.84e-151	3300007109_9
PUL0049	3.12e-46	3300007109_9
PUL0058	1.33e-249	3300007109_9
PUL0106	1.96e-173	3300007109_9
PUL0121	1.41e-94	3300007109_9
PUL0121	4.39e-33	3300007109_9
PUL0124	2.18e-191	3300007109_9
PUL0124	2.84e-191	3300007109_9
PUL0195	9.53e-127	3300007109_9
PUL0195	9.61e-96	3300007109_9
PUL0238	2.35e-200	3300007109_9
PUL00241	1.19e-49	3300007109_9
PUL0267	2.87e-128	3300007109_9
PUL0267	3.99e-249	3300007109_9
PUL0267	4.83e-70	3300007109_9
PUL00290	1.68e-83	3300007109_9
PUL00290	2.88e-40	3300007109_9
PUL0331	1.77e-81	3300007109_9
PUL0340	8.09e-159	3300007109_9
PUL0349	1.98e-196	3300007109_9
PUL0366	5.32e-107	3300007109_9
PUL0366	5.8e-51	3300007109_9
PUL0381	1.68e-55	3300007109_9
PUL0390	1.74e-95	3300007109_9
PUL0401	0.000156	3300007109_9
PUL0410	6.21e-52	3300007109_9
PUL00463	2.59e-145	3300007109_9
PUL00500	5.77e-93	3300007109_9
PUL0519	9.64e-264	3300007109_9
PUL0576	1.27e-124	3300007109_9
PUL0576	2.02e-254	3300007109_9
PUL0584	3.4e-183	3300007109_9
PUL01014	8.95e-44	3300007109_9
PUL01060	2.42e-118	3300007109_9
PUL01060	2.56e-248	3300007109_9
PUL01075	1.74e-149	3300007109_9
PUL01081	3.53e-102	3300007109_9
PUL01622	7.13e-39	3300007109_9
PUL02300	2.56e-110	3300007109_9
PUL03004	3.05e-91	3300007109_9
PUL04066	5.09e-227	3300007109_9
PUL04132	9.6e-48	3300007109_9
PUL05308	2.72e-91	3300007109_9
PUL0013	5.27e-94	3300008123_15
PUL0124	5.08e-190	3300008123_15
PUL0180	7.13e-30	3300008123_15
PUL0214	7.8e-86	3300008123_15
PUL0230	3.68e-128	3300008123_15
PUL0248	3.84e-112	3300008123_15
PUL0267	1.3e-245	3300008123_15
PUL0326	1.3e-21	3300008123_15
PUL0326	4.45e-21	3300008123_15
PUL0333	2.02e-119	3300008123_15
PUL0340	6.3e-302	3300008123_15
PUL0347	1.73e-307	3300008123_15
PUL0394	2.39e-59	3300008123_15
PUL0501	2.1e-162	3300008123_15
PUL0519	4.35e-293	3300008123_15
PUL00706	6.97e-156	3300008123_15
PUL01060	4.45e-231	3300008123_15
PUL01080	1.37e-47	3300008123_15
PUL03004	2.51e-61	3300008123_15
PUL04066	7.36e-189	3300008123_15
PUL05302	4.73e-212	3300008123_15
PUL0013	2.07e-93	3300008283_13
PUL0017	2.95e-175	3300008283_13
PUL0027	2.32e-47	3300008283_13
PUL0038	2.9e-133	3300008283_13
PUL0058	8.23e-179	3300008283_13
PUL0103	2.75e-105	3300008283_13
PUL0124	2.67e-188	3300008283_13
PUL0214	1.37e-87	3300008283_13
PUL0267	1.34e-247	3300008283_13
PUL0270	2.41e-96	3300008283_13
PUL0277	1.88e-84	3300008283_13
PUL0333	2.02e-121	3300008283_13
PUL0340	1.5e-300	3300008283_13
PUL0347	1.31e-307	3300008283_13
PUL0375	4.67e-94	3300008283_13
PUL0390	3.09e-76	3300008283_13
PUL0390	5.53e-80	3300008283_13
PUL0396	5.82e-77	3300008283_13
PUL0501	1.33e-163	3300008283_13
PUL0519	9.42e-294	3300008283_13
PUL0600	1.19e-15	3300008283_13
PUL00706	7.34e-160	3300008283_13
PUL01060	6.66e-234	3300008283_13
PUL03004	9.04e-80	3300008283_13
PUL03403	9.61e-39	3300008283_13
PUL03662	1.78e-109	3300008283_13
PUL04066	9.32e-190	3300008283_13
PUL04135	7.45e-18	3300008283_13
PUL05302	8.71e-211	3300008283_13
PUL0017	1.02e-175	3300008518_13
PUL0049	3.49e-122	3300008518_13
PUL0124	8.58e-189	3300008518_13
PUL0216	1.12e-47	3300008518_13
PUL0230	1.02e-128	3300008518_13
PUL0267	1.75e-62	3300008518_13
PUL0267	8.94e-246	3300008518_13
PUL0269	1.13e-58	3300008518_13
PUL0340	8.07e-301	3300008518_13
PUL0347	8.35e-309	3300008518_13
PUL0390	3.35e-73	3300008518_13
PUL0519	1.2e-293	3300008518_13
PUL00706	1.27e-156	3300008518_13
PUL01060	2.37e-233	3300008518_13
PUL03412	2.94e-175	3300008518_13
PUL04066	1.76e-189	3300008518_13
PUL05302	8.18e-212	3300008518_13
PUL0012	2.43e-41	3300008575_24
PUL0013	4.42e-93	3300008575_24
PUL0017	3.69e-175	3300008575_24
PUL0019	3.73e-93	3300008575_24
PUL0024	2.7e-170	3300008575_24
PUL0026	8.45e-42	3300008575_24
PUL0038	3.68e-133	3300008575_24
PUL0049	1.09e-122	3300008575_24
PUL0058	1.6e-178	3300008575_24
PUL00108	1.33e-102	3300008575_24
PUL0121	1.64e-74	3300008575_24
PUL0124	3.05e-191	3300008575_24
PUL00136	8.58e-47	3300008575_24
PUL0180	2.47e-126	3300008575_24
PUL0196	2.56e-77	3300008575_24
PUL0209	2.39e-19	3300008575_24
PUL0214	2.82e-86	3300008575_24
PUL0216	6.78e-19	3300008575_24
PUL0216	8.82e-48	3300008575_24
PUL0230	2.09e-129	3300008575_24
PUL0230	3.08e-97	3300008575_24
PUL0236	2.19e-77	3300008575_24
PUL0247	4.32e-08	3300008575_24
PUL0248	3.74e-112	3300008575_24
PUL0267	4.16e-247	3300008575_24
PUL0277	5.43e-85	3300008575_24
PUL0299	6.67e-64	3300008575_24
PUL0328	6.5e-116	3300008575_24
PUL0333	1.06e-97	3300008575_24
PUL0333	9.11e-120	3300008575_24
PUL0337	2.02e-56	3300008575_24
PUL0340	8.24e-244	3300008575_24
PUL0347	3.93e-308	3300008575_24
PUL0373	2.74e-53	3300008575_24
PUL0390	1.9e-75	3300008575_24
PUL0396	4.26e-78	3300008575_24
PUL0459	6.66e-21	3300008575_24
PUL0501	1.24e-162	3300008575_24
PUL0519	1.96e-294	3300008575_24
PUL0599	5.45e-90	3300008575_24
PUL00706	7.23e-158	3300008575_24
PUL00920	5.34e-102	3300008575_24
PUL01014	1.98e-45	3300008575_24
PUL01014	2.43e-46	3300008575_24
PUL01060	2.81e-233	3300008575_24
PUL01080	8.18e-34	3300008575_24
PUL01081	8.51e-90	3300008575_24
PUL01212	7.5e-13	3300008575_24
PUL01352	7.91e-05	3300008575_24
PUL01615	1.28e-08	3300008575_24
PUL02863	5.33e-129	3300008575_24
PUL02941	5.62e-81	3300008575_24
PUL03355	6.07e-156	3300008575_24
PUL03362	6.37e-14	3300008575_24
PUL03403	3.82e-35	3300008575_24
PUL03412	1.04e-175	3300008575_24
PUL03416	3.36e-45	3300008575_24
PUL03419	7.45e-64	3300008575_24
PUL03473	5.11e-36	3300008575_24
PUL03662	5.43e-109	3300008575_24
PUL03904	2.46e-34	3300008575_24
PUL04066	7.37e-191	3300008575_24
PUL04132	5.01e-149	3300008575_24
PUL04587	1.13e-17	3300008575_24
PUL04605	6.52e-16	3300008575_24
PUL05302	4.79e-213	3300008575_24
PUL0017	1.98e-175	3300008638_13
PUL0058	1.97e-177	3300008638_13
PUL0124	1.35e-190	3300008638_13
PUL0248	3.65e-112	3300008638_13
PUL0267	3.7e-246	3300008638_13
PUL0340	3.23e-302	3300008638_13
PUL0347	2.27e-307	3300008638_13
PUL0501	2.69e-162	3300008638_13
PUL01060	1.06e-232	3300008638_13
PUL05302	8.26e-212	3300008638_13
PUL0013	1.42e-94	3300008754_14
PUL0111	2.1e-66	3300008754_14
PUL0124	6.75e-190	3300008754_14
PUL0230	1.24e-48	3300008754_14
PUL0230	2.32e-128	3300008754_14
PUL0267	3.63e-246	3300008754_14
PUL0267	3.73e-64	3300008754_14
PUL0270	2e-97	3300008754_14
PUL0277	2.7e-85	3300008754_14
PUL0340	3.72e-302	3300008754_14
PUL0347	1.14e-308	3300008754_14
PUL0373	9.07e-84	3300008754_14
PUL0390	1.8e-73	3300008754_14
PUL0501	1.32e-162	3300008754_14
PUL0576	8.13e-206	3300008754_14
PUL00706	2.53e-159	3300008754_14
PUL01060	4.58e-234	3300008754_14
PUL01247	3.03e-102	3300008754_14
PUL02302	3.96e-18	3300008754_14
PUL02941	4.48e-79	3300008754_14
PUL03403	2.4e-35	3300008754_14
PUL03662	1.13e-109	3300008754_14
PUL03662	8.33e-77	3300008754_14
PUL04066	1.42e-190	3300008754_14
PUL04132	1.74e-150	3300008754_14
PUL04135	8.46e-18	3300008754_14
PUL05302	4.92e-212	3300008754_14
PUL0006	3.25e-201	3300010262_6
PUL0009	1.28e-87	3300010262_6
PUL00013	6.56e-176	3300010262_6
PUL0014	4.88e-30	3300010262_6
PUL0016	2.04e-179	3300010262_6
PUL0016	4.88e-164	3300010262_6
PUL0016	5.62e-141	3300010262_6
PUL0017	1.2e-17	3300010262_6
PUL0017	7.04e-183	3300010262_6
PUL0019	2.01e-158	3300010262_6
PUL0019	2.29e-105	3300010262_6
PUL0022	1.24e-124	3300010262_6
PUL0022	1.39e-80	3300010262_6
PUL0022	4.45e-172	3300010262_6
PUL0022	4.79e-135	3300010262_6
PUL0022	7.57e-170	3300010262_6
PUL0022	8.38e-138	3300010262_6
PUL0024	5.88e-171	3300010262_6
PUL0024	6.61e-32	3300010262_6
PUL0025	9.6e-64	3300010262_6
PUL0025	9.9e-15	3300010262_6
PUL0029	2.22e-189	3300010262_6
PUL0029	8.33e-218	3300010262_6
PUL0041	1.11e-197	3300010262_6
PUL0041	3.55e-176	3300010262_6
PUL0058	9.65e-267	3300010262_6
PUL0090	1.42e-30	3300010262_6
PUL0121	1.33e-212	3300010262_6
PUL0123	8.88e-40	3300010262_6
PUL0172	3.48e-90	3300010262_6
PUL0180	0.000368	3300010262_6
PUL0184	3.9e-133	3300010262_6
PUL0186	1.65e-65	3300010262_6
PUL0186	3.16e-161	3300010262_6
PUL0212	1.56e-142	3300010262_6
PUL0213	2.8e-257	3300010262_6
PUL0227	1.17e-119	3300010262_6
PUL0238	1.24e-122	3300010262_6
PUL0238	2.85e-44	3300010262_6
PUL00241	5.73e-254	3300010262_6
PUL0265	2.02e-136	3300010262_6
PUL0267	1.52e-79	3300010262_6
PUL0311	7.04e-52	3300010262_6
PUL0337	2.07e-118	3300010262_6
PUL0337	5.05e-207	3300010262_6
PUL0340	8.84e-187	3300010262_6
PUL0347	2.47000000000466e-313	3300010262_6
PUL0349	7.34e-219	3300010262_6
PUL0349	8.44e-123	3300010262_6
PUL0349	8.6e-137	3300010262_6
PUL0370	2.96e-122	3300010262_6
PUL0370	3.69e-156	3300010262_6
PUL0372	8.34e-181	3300010262_6
PUL0375	1.06e-65	3300010262_6
PUL0396	1.52e-77	3300010262_6
PUL0406	5.5e-36	3300010262_6
PUL0449	7.45e-16	3300010262_6
PUL0494	8.07e-65	3300010262_6
PUL0501	4e-53	3300010262_6
PUL0574	1.11e-87	3300010262_6
PUL0575	1.98e-198	3300010262_6
PUL0576	2.23e-125	3300010262_6
PUL0576	3.22e-215	3300010262_6
PUL0579	1.89e-83	3300010262_6
PUL0591	2.24e-51	3300010262_6
PUL00605	1.26e-75	3300010262_6
PUL00706	2.29e-165	3300010262_6
PUL01060	4.12e-234	3300010262_6
PUL01075	3.5e-173	3300010262_6
PUL01075	3.64e-142	3300010262_6
PUL01080	4.91e-39	3300010262_6
PUL01131	2.5e-176	3300010262_6
PUL01131	8.16e-215	3300010262_6
PUL01141	1.71e-190	3300010262_6
PUL01237	3e-16	3300010262_6
PUL01237	3.33e-16	3300010262_6
PUL01247	7.28e-111	3300010262_6
PUL01248	9.04e-102	3300010262_6
PUL01601	2.6e-94	3300010262_6
PUL02300	2.85e-116	3300010262_6
PUL02568	1.17e-152	3300010262_6
PUL02941	2.82e-82	3300010262_6
PUL03350	4.04e-37	3300010262_6
PUL03355	7.9e-174	3300010262_6
PUL03403	2.72e-41	3300010262_6
PUL03412	1.64e-88	3300010262_6
PUL03471	6.05e-68	3300010262_6
PUL03904	1.28e-30	3300010262_6
PUL04066	4.77e-208	3300010262_6
PUL04132	8.24e-160	3300010262_6
PUL05180	4.37e-49	3300010262_6
PUL05302	1.12e-48	3300010262_6
PUL05302	6.82e-277	3300010262_6
PUL0014	6.83e-30	3300014533_6
PUL0016	2.93e-114	3300014533_6
PUL0017	5.85e-183	3300014533_6
PUL0019	1.03e-176	3300014533_6
PUL0019	1.31e-134	3300014533_6
PUL0022	1.67e-35	3300014533_6
PUL0022	2.16e-173	3300014533_6
PUL0022	5e-150	3300014533_6
PUL0029	1.75e-110	3300014533_6
PUL0029	4.46e-125	3300014533_6
PUL0029	8.25e-112	3300014533_6
PUL0041	1.28e-141	3300014533_6
PUL0048	3.37e-206	3300014533_6
PUL0106	2.24e-36	3300014533_6
PUL0106	8.18e-173	3300014533_6
PUL0121	6.87e-97	3300014533_6
PUL0124	1.24e-219	3300014533_6
PUL0124	7.93e-195	3300014533_6
PUL0195	2.91e-106	3300014533_6
PUL0212	1.36e-143	3300014533_6
PUL0212	1.56e-150	3300014533_6
PUL0214	6.57e-96	3300014533_6
PUL0216	4.26e-47	3300014533_6
PUL0238	4.06e-188	3300014533_6
PUL0267	1.45e-125	3300014533_6
PUL0267	2.41e-66	3300014533_6
PUL00290	3.01e-58	3300014533_6
PUL00290	7.47e-38	3300014533_6
PUL0337	4.58e-189	3300014533_6
PUL0337	5.7e-64	3300014533_6
PUL0340	6.26e-168	3300014533_6
PUL0349	2.01e-224	3300014533_6
PUL0370	1.39e-159	3300014533_6
PUL0370	4.16e-152	3300014533_6
PUL0390	2.63e-97	3300014533_6
PUL0390	4.39e-112	3300014533_6
PUL0409	2.01e-25	3300014533_6
PUL0428	1.67e-18	3300014533_6
PUL00500	1.39e-95	3300014533_6
PUL0502	3.47e-61	3300014533_6
PUL0519	3.33e-271	3300014533_6
PUL0576	8.83e-251	3300014533_6
PUL0579	1.19e-78	3300014533_6
PUL0584	1.02e-123	3300014533_6
PUL0590	7.97e-47	3300014533_6
PUL01014	1.98e-41	3300014533_6
PUL01060	1.76e-241	3300014533_6
PUL01131	4.69e-161	3300014533_6
PUL01218	2.63e-37	3300014533_6
PUL01231	1.72e-31	3300014533_6
PUL01249	2.58e-171	3300014533_6
PUL01610	1.15e-76	3300014533_6
PUL02300	2.39e-110	3300014533_6
PUL02302	2.59e-12	3300014533_6
PUL02670	7.49e-149	3300014533_6
PUL03004	1.75e-92	3300014533_6
PUL03357	3.49e-128	3300014533_6
PUL03358	9.38e-157	3300014533_6
PUL03366	3.03e-22	3300014533_6
PUL03405	2.44e-10	3300014533_6
PUL03452	1.35e-22	3300014533_6
PUL04066	9.27e-232	3300014533_6
PUL04132	2.38e-48	3300014533_6
PUL04132	2.57e-147	3300014533_6
PUL05304	7.47e-39	3300014533_6
PUL05308	1.11e-72	3300014533_6
PUL00014	4.21e-150	3300014780_5
PUL0015	6.61e-22	3300014780_5
PUL0015	7.09e-14	3300014780_5
PUL0015	7.62e-64	3300014780_5
PUL0016	7.76e-202	3300014780_5
PUL0016	7.89e-169	3300014780_5
PUL0017	3.47e-186	3300014780_5
PUL0019	7.06e-150	3300014780_5
PUL0022	1.01e-217	3300014780_5
PUL0022	1.05e-160	3300014780_5
PUL0022	4.98e-111	3300014780_5
PUL0022	5.24e-177	3300014780_5
PUL0024	1.1e-174	3300014780_5
PUL0024	2.95e-14	3300014780_5
PUL0026	9.42e-42	3300014780_5
PUL0029	4.14e-35	3300014780_5
PUL0029	7.24e-119	3300014780_5
PUL0033	4.45e-53	3300014780_5
PUL0033	4.85e-34	3300014780_5
PUL0041	2.77e-135	3300014780_5
PUL0049	1.26e-147	3300014780_5
PUL0058	3.02e-270	3300014780_5
PUL00061	5.21e-114	3300014780_5
PUL00081	7.06e-44	3300014780_5
PUL0101	2.14e-148	3300014780_5
PUL0103	1.05e-123	3300014780_5
PUL0106	4.24e-194	3300014780_5
PUL0106	6.38e-111	3300014780_5
PUL0121	3.88e-97	3300014780_5
PUL0121	5.27e-62	3300014780_5
PUL0121	8.76e-12	3300014780_5
PUL0124	3.96e-211	3300014780_5
PUL0168	1.5e-136	3300014780_5
PUL0168	8.3e-10	3300014780_5
PUL0172	1.34e-107	3300014780_5
PUL0180	2.07e-121	3300014780_5
PUL0186	3.97e-192	3300014780_5
PUL0210	1.38e-46	3300014780_5
PUL0216	2e-71	3300014780_5
PUL0219	3.07e-111	3300014780_5
PUL0230	1.92e-63	3300014780_5
PUL0231	1.96e-194	3300014780_5
PUL0236	1e-77	3300014780_5
PUL0238	5.76e-94	3300014780_5
PUL0253	2.06e-62	3300014780_5
PUL0256	7.24e-199	3300014780_5
PUL0257	2.82e-15	3300014780_5
PUL0258	1.02e-23	3300014780_5
PUL0270	1.74e-49	3300014780_5
PUL0280	5.94e-71	3300014780_5
PUL00290	1e-43	3300014780_5
PUL00290	1.15e-12	3300014780_5
PUL00290	5.8e-36	3300014780_5
PUL00290	6.07e-45	3300014780_5
PUL0309	8.44e-24	3300014780_5
PUL0327	3.72e-183	3300014780_5
PUL0333	2.36e-123	3300014780_5
PUL0337	5.12e-218	3300014780_5
PUL0337	5.83e-67	3300014780_5
PUL0339	6.86e-51	3300014780_5
PUL0340	5.11e-213	3300014780_5
PUL0347	6.53e-80	3300014780_5
PUL0368	1.18e-201	3300014780_5
PUL0370	1.49e-161	3300014780_5
PUL0370	6.45e-146	3300014780_5
PUL0390	5.31e-104	3300014780_5
PUL0392	2.92e-93	3300014780_5
PUL0396	5.28e-75	3300014780_5
PUL0401	2.73e-16	3300014780_5
PUL0409	4.63e-48	3300014780_5
PUL0432	1.17e-135	3300014780_5
PUL0453	8.75e-137	3300014780_5
PUL0459	7.04e-27	3300014780_5
PUL00479	1.08e-73	3300014780_5
PUL0494	2.68e-92	3300014780_5
PUL0496	2.8e-46	3300014780_5
PUL0498	1.1e-80	3300014780_5
PUL0503	1.28e-38	3300014780_5
PUL0509	3.28e-39	3300014780_5
PUL0522	4.61e-47	3300014780_5
PUL0527	2.07e-80	3300014780_5
PUL0574	2.99e-60	3300014780_5
PUL0575	4.17e-236	3300014780_5
PUL0576	2.01e-127	3300014780_5
PUL0591	3.35e-73	3300014780_5
PUL00605	3.2e-76	3300014780_5
PUL00706	1.73e-165	3300014780_5
PUL01014	8.74e-46	3300014780_5
PUL01060	3.67e-121	3300014780_5
PUL01060	4.52e-240	3300014780_5
PUL01069	4.82e-14	3300014780_5
PUL01070	2.49e-77	3300014780_5
PUL01073	1.52e-38	3300014780_5
PUL01075	1.3e-183	3300014780_5
PUL01075	3.02e-174	3300014780_5
PUL01080	4.88e-45	3300014780_5
PUL01080	5.4e-35	3300014780_5
PUL01081	4.55e-113	3300014780_5
PUL01131	2.17e-210	3300014780_5
PUL01131	2.56e-61	3300014780_5
PUL01131	3.15e-154	3300014780_5
PUL01131	3.56e-173	3300014780_5
PUL01131	5.57e-186	3300014780_5
PUL01131	9.74e-134	3300014780_5
PUL01132	2.81e-46	3300014780_5
PUL01217	8.62e-99	3300014780_5
PUL01248	1.37e-99	3300014780_5
PUL01249	3.33e-155	3300014780_5
PUL01601	3.22e-71	3300014780_5
PUL01615	5.26e-22	3300014780_5
PUL01847	7.66e-06	3300014780_5
PUL02300	3.98e-108	3300014780_5
PUL02300	4.97e-114	3300014780_5
PUL02568	2.27e-166	3300014780_5
PUL02815	3.24e-23	3300014780_5
PUL03004	7.46e-96	3300014780_5
PUL03298	1.23e-49	3300014780_5
PUL03355	3.11e-173	3300014780_5
PUL03358	1.43e-153	3300014780_5
PUL03358	1.63e-42	3300014780_5
PUL03363	1.78e-05	3300014780_5
PUL03403	1.31e-38	3300014780_5
PUL03412	1.49e-261	3300014780_5
PUL03452	3.93e-41	3300014780_5
PUL03901	8.39e-40	3300014780_5
PUL04066	8.58e-185	3300014780_5
PUL04132	8.94e-157	3300014780_5
PUL04133	3.25e-52	3300014780_5
PUL04135	1.13e-121	3300014780_5
PUL04519	5.34e-40	3300014780_5
PUL04587	8.86e-05	3300014780_5
PUL04601	0.000357	3300014780_5
PUL04605	3.95e-62	3300014780_5
PUL04930	1.28e-81	3300014780_5
PUL04940	8.77e-12	3300014780_5
PUL05000	1.35e-07	3300014780_5
PUL05609	5.22e-88	3300014780_5
PUL06025	1.95e-15	3300014780_5
PUL0004	1.97e-100	3300014916_3
PUL0016	2.19e-152	3300014916_3
PUL0016	2.68e-155	3300014916_3
PUL0016	6.89e-134	3300014916_3
PUL0017	4.09e-65	3300014916_3
PUL0017	6.58e-184	3300014916_3
PUL0019	3.28e-135	3300014916_3
PUL0019	4.18e-177	3300014916_3
PUL0022	1.36e-166	3300014916_3
PUL0022	2.56e-62	3300014916_3
PUL0022	3.85e-36	3300014916_3
PUL0029	2.49e-139	3300014916_3
PUL0041	2.2e-154	3300014916_3
PUL0048	3.26e-203	3300014916_3
PUL0049	1.66e-32	3300014916_3
PUL0049	4.19e-140	3300014916_3
PUL0106	1.48e-171	3300014916_3
PUL0121	6.58e-36	3300014916_3
PUL0121	6.98e-38	3300014916_3
PUL0124	1.76e-219	3300014916_3
PUL0124	8.92e-194	3300014916_3
PUL0126	2.32e-23	3300014916_3
PUL0180	0.000192	3300014916_3
PUL0180	2.01e-142	3300014916_3
PUL0186	4.06e-147	3300014916_3
PUL0186	6.8e-152	3300014916_3
PUL0195	1.83e-112	3300014916_3
PUL0195	2.54e-117	3300014916_3
PUL0195	2.91e-82	3300014916_3
PUL0195	3.39e-76	3300014916_3
PUL0195	4.77e-103	3300014916_3
PUL0195	6.13e-137	3300014916_3
PUL0195	9.2e-82	3300014916_3
PUL0212	5.09e-144	3300014916_3
PUL0212	9.83e-149	3300014916_3
PUL0219	2.7e-91	3300014916_3
PUL0227	2.03e-39	3300014916_3
PUL0238	2.69e-188	3300014916_3
PUL0238	4.63e-110	3300014916_3
PUL00241	4.15e-97	3300014916_3
PUL0258	1.82e-17	3300014916_3
PUL0267	1.11e-74	3300014916_3
PUL0267	6.41e-249	3300014916_3
PUL0267	8.75e-126	3300014916_3
PUL00290	7.29e-38	3300014916_3
PUL0337	2.51e-120	3300014916_3
PUL0337	2.93e-187	3300014916_3
PUL0340	3.9e-45	3300014916_3
PUL0349	8.67e-227	3300014916_3
PUL0366	1.77e-41	3300014916_3
PUL0366	4.14e-111	3300014916_3
PUL0366	7.55e-56	3300014916_3
PUL0369	8.22e-66	3300014916_3
PUL0370	7.83e-119	3300014916_3
PUL0381	1.56e-48	3300014916_3
PUL0390	4.4e-112	3300014916_3
PUL0390	5.81e-40	3300014916_3
PUL0401	1.95e-16	3300014916_3
PUL0401	2.01e-13	3300014916_3
PUL0451	3.07e-72	3300014916_3
PUL00500	1.39e-95	3300014916_3
PUL0519	2.56e-269	3300014916_3
PUL0576	1.64e-246	3300014916_3
PUL0576	2.18e-124	3300014916_3
PUL0584	8.7e-123	3300014916_3
PUL0590	1.49e-45	3300014916_3
PUL00947	1.91e-109	3300014916_3
PUL01014	1.12e-41	3300014916_3
PUL01060	1.09e-241	3300014916_3
PUL01060	2.05e-118	3300014916_3
PUL01080	4.3e-33	3300014916_3
PUL01080	4.31e-43	3300014916_3
PUL01131	1.46e-157	3300014916_3
PUL01131	2.69e-195	3300014916_3
PUL01133	1.74e-56	3300014916_3
PUL01231	2.66e-31	3300014916_3
PUL01248	5.23e-98	3300014916_3
PUL01249	6.46e-172	3300014916_3
PUL01249	7.03e-40	3300014916_3
PUL01610	7.46e-77	3300014916_3
PUL03350	9.27e-20	3300014916_3
PUL03355	4.25e-175	3300014916_3
PUL03357	3.64e-126	3300014916_3
PUL03358	1.01e-154	3300014916_3
PUL04062	9.94e-35	3300014916_3
PUL04066	1.78e-231	3300014916_3
PUL04132	8.37e-146	3300014916_3
PUL04473	2.08e-147	3300014916_3
PUL04605	3.23e-52	3300014916_3
PUL05302	1.22e-42	3300014916_3
PUL05304	5.47e-39	3300014916_3
PUL05308	2.8e-97	3300014916_3
PUL0016	2.27e-155	3300014927_6
PUL0016	2.4e-133	3300014927_6
PUL0016	4.85e-152	3300014927_6
PUL0017	2.59e-65	3300014927_6
PUL0017	4.71e-183	3300014927_6
PUL0025	1.24e-197	3300014927_6
PUL0025	2.84e-112	3300014927_6
PUL0041	3.61e-181	3300014927_6
PUL0041	6.79e-155	3300014927_6
PUL0048	5.77e-203	3300014927_6
PUL0049	1.66e-32	3300014927_6
PUL0101	8.16e-97	3300014927_6
PUL0106	1.68e-171	3300014927_6
PUL0126	4.89e-24	3300014927_6
PUL0186	1.34e-151	3300014927_6
PUL0186	5.85e-147	3300014927_6
PUL0195	3.03e-112	3300014927_6
PUL0195	3.9e-138	3300014927_6
PUL0195	9.7e-82	3300014927_6
PUL0238	1.26e-187	3300014927_6
PUL0256	2.05e-125	3300014927_6
PUL0267	2.38e-74	3300014927_6
PUL00290	7.85e-38	3300014927_6
PUL0337	1.44e-188	3300014927_6
PUL0337	2.97e-120	3300014927_6
PUL0340	3.91e-45	3300014927_6
PUL0349	3.75e-227	3300014927_6
PUL0369	1.85e-65	3300014927_6
PUL0406	0.000416	3300014927_6
PUL00500	2.2e-95	3300014927_6
PUL0519	9.4e-269	3300014927_6
PUL0576	2.05e-124	3300014927_6
PUL0576	2.88e-246	3300014927_6
PUL0584	5.58e-187	3300014927_6
PUL0600	7.96e-13	3300014927_6
PUL01060	1.01e-117	3300014927_6
PUL01060	8.1e-241	3300014927_6
PUL01131	2.5e-232	3300014927_6
PUL01131	4.07e-195	3300014927_6
PUL01131	7.46e-158	3300014927_6
PUL01231	3.64e-31	3300014927_6
PUL01248	8.37e-97	3300014927_6
PUL01249	6.46e-172	3300014927_6
PUL01615	3.92e-05	3300014927_6
PUL02250	2.09e-47	3300014927_6
PUL02300	4.32e-110	3300014927_6
PUL02670	2.1e-146	3300014927_6
PUL03403	1e-38	3300014927_6
PUL03404	7.16e-53	3300014927_6
PUL03412	4.32e-182	3300014927_6
PUL03457	9.19e-58	3300014927_6
PUL03680	1.03e-33	3300014927_6
PUL04066	2.82e-231	3300014927_6
PUL06015	7.96e-37	3300014927_6
PUL06026	4.11e-41	3300014927_6
PUL0006	1.71e-188	3300014936_6
PUL0013	1.12e-82	3300014936_6
PUL0016	1.51e-146	3300014936_6
PUL0016	1.81e-114	3300014936_6
PUL0017	1.37e-183	3300014936_6
PUL0017	2.02e-65	3300014936_6
PUL0019	1.45e-134	3300014936_6
PUL0019	3.2e-176	3300014936_6
PUL0022	1.16e-172	3300014936_6
PUL0022	7.03e-150	3300014936_6
PUL0028	7.71e-45	3300014936_6
PUL0029	4.32e-124	3300014936_6
PUL0038	1.56e-149	3300014936_6
PUL0041	1.05e-155	3300014936_6
PUL0048	7.57e-204	3300014936_6
PUL0106	2.41e-172	3300014936_6
PUL0121	4.73e-38	3300014936_6
PUL0124	7.55e-220	3300014936_6
PUL00130	5.37e-102	3300014936_6
PUL00132	1.77e-185	3300014936_6
PUL0136	1.41e-89	3300014936_6
PUL0186	2.01e-145	3300014936_6
PUL0195	2.89e-139	3300014936_6
PUL0195	3.3e-112	3300014936_6
PUL0195	4.04e-76	3300014936_6
PUL0212	5.6e-165	3300014936_6
PUL0238	1.95e-187	3300014936_6
PUL0267	4.26e-126	3300014936_6
PUL00290	1.24e-37	3300014936_6
PUL0337	3.3e-188	3300014936_6
PUL0337	4.23e-119	3300014936_6
PUL0349	1.24e-70	3300014936_6
PUL0349	3.86e-227	3300014936_6
PUL0366	3.51e-110	3300014936_6
PUL0406	0.000478	3300014936_6
PUL0406	8.23e-61	3300014936_6
PUL0519	4.97e-270	3300014936_6
PUL0576	2.12e-250	3300014936_6
PUL0584	2.25e-187	3300014936_6
PUL0598	8.56e-86	3300014936_6
PUL01060	1.95e-241	3300014936_6
PUL01060	2.6e-119	3300014936_6
PUL01131	4.2e-110	3300014936_6
PUL01610	2e-77	3300014936_6
PUL02300	3.55e-110	3300014936_6
PUL02670	2.93e-148	3300014936_6
PUL02941	6.68e-69	3300014936_6
PUL04066	2.46e-230	3300014936_6
PUL04132	1.45e-48	3300014936_6
PUL04132	1.65e-157	3300014936_6
PUL04135	4.09e-122	3300014936_6
PUL05308	2.54e-72	3300014936_6
PUL0006	7.05e-189	3300028963_3
PUL0016	3.26e-155	3300028963_3
PUL0017	2.15e-65	3300028963_3
PUL0017	2.28e-182	3300028963_3
PUL0022	1.5e-62	3300028963_3
PUL0024	1.16e-87	3300028963_3
PUL0025	3.62e-190	3300028963_3
PUL0029	1.74e-125	3300028963_3
PUL0048	4.45e-203	3300028963_3
PUL0049	2.34e-31	3300028963_3
PUL0124	7.04e-219	3300028963_3
PUL0124	9.5e-194	3300028963_3
PUL0126	5.04e-24	3300028963_3
PUL0186	1.39e-150	3300028963_3
PUL0195	3.06e-106	3300028963_3
PUL0212	2.97e-144	3300028963_3
PUL0219	3.99e-91	3300028963_3
PUL0238	6.46e-186	3300028963_3
PUL0337	1.27e-188	3300028963_3
PUL0337	4.79e-120	3300028963_3
PUL0340	4.26e-45	3300028963_3
PUL0349	1.44e-226	3300028963_3
PUL0370	2.72e-151	3300028963_3
PUL0381	2.54e-47	3300028963_3
PUL0401	6.07e-15	3300028963_3
PUL00500	3.07e-95	3300028963_3
PUL0519	5.09e-270	3300028963_3
PUL0576	6.32e-249	3300028963_3
PUL0584	1.28e-122	3300028963_3
PUL0584	1.65e-187	3300028963_3
PUL0590	5.49e-47	3300028963_3
PUL0591	6.25e-73	3300028963_3
PUL00942	4.86e-75	3300028963_3
PUL01013	5.99e-76	3300028963_3
PUL01060	1.87e-119	3300028963_3
PUL01060	2.03e-241	3300028963_3
PUL01131	1.02e-233	3300028963_3
PUL01131	1.14e-159	3300028963_3
PUL01131	2.26e-194	3300028963_3
PUL01249	6.55e-172	3300028963_3
PUL02300	1.67e-109	3300028963_3
PUL03004	1.7e-92	3300028963_3
PUL03358	2.16e-154	3300028963_3
PUL03402	1.04e-05	3300028963_3
PUL03403	3.66e-55	3300028963_3
PUL03412	3.06e-181	3300028963_3
PUL04066	4.3e-230	3300028963_3
PUL04132	7.99e-146	3300028963_3
PUL04473	9.28e-148	3300028963_3
PUL05609	4.56e-117	3300028963_3
PUL0006	4.48e-201	3300028994_3
PUL0016	3.02e-141	3300028994_3
PUL0016	3.45e-131	3300028994_3
PUL0016	5.56e-107	3300028994_3
PUL0016	8.73e-181	3300028994_3
PUL0017	1.29e-182	3300028994_3
PUL0019	2.95e-159	3300028994_3
PUL0019	3.34e-173	3300028994_3
PUL0022	1.1e-169	3300028994_3
PUL0022	1.23e-80	3300028994_3
PUL0022	1.31e-185	3300028994_3
PUL0022	3.32e-170	3300028994_3
PUL0022	4.9e-135	3300028994_3
PUL0022	5.38e-172	3300028994_3
PUL0022	6.58e-106	3300028994_3
PUL0022	7.79e-220	3300028994_3
PUL0024	2.9e-15	3300028994_3
PUL0024	2.99e-33	3300028994_3
PUL0025	4.2e-64	3300028994_3
PUL0029	1.69e-110	3300028994_3
PUL0029	5.71e-113	3300028994_3
PUL0033	2.81e-52	3300028994_3
PUL0041	1.06e-175	3300028994_3
PUL0041	1.51e-194	3300028994_3
PUL0048	3.32e-214	3300028994_3
PUL0058	1.27e-266	3300028994_3
PUL0059	2.81e-113	3300028994_3
PUL00061	8.14e-123	3300028994_3
PUL0088	2.67e-28	3300028994_3
PUL0101	5.33e-150	3300028994_3
PUL0106	1.5e-179	3300028994_3
PUL0106	3.3e-31	3300028994_3
PUL0115	4.69e-22	3300028994_3
PUL0121	1.42e-212	3300028994_3
PUL0168	4.7e-124	3300028994_3
PUL0172	6.81e-105	3300028994_3
PUL0180	1.47e-91	3300028994_3
PUL0180	2.25e-117	3300028994_3
PUL0184	1.8e-133	3300028994_3
PUL0186	1.91e-160	3300028994_3
PUL0186	3.03e-160	3300028994_3
PUL0186	9.33e-108	3300028994_3
PUL0195	1.81e-45	3300028994_3
PUL0195	5.3e-81	3300028994_3
PUL0196	4.33e-71	3300028994_3
PUL0212	6.1e-44	3300028994_3
PUL0212	6.76e-178	3300028994_3
PUL0213	2.26e-263	3300028994_3
PUL0216	8.64e-73	3300028994_3
PUL0217	1.84e-45	3300028994_3
PUL0227	2.2e-23	3300028994_3
PUL0227	2.24e-33	3300028994_3
PUL0230	1.39e-13	3300028994_3
PUL0231	1.08e-194	3300028994_3
PUL0236	1.92e-70	3300028994_3
PUL0236	9.67e-78	3300028994_3
PUL0238	1.71e-123	3300028994_3
PUL00241	1.2e-21	3300028994_3
PUL00241	5.43e-255	3300028994_3
PUL0258	1.77e-57	3300028994_3
PUL0262	2.46e-17	3300028994_3
PUL0267	3.75e-07	3300028994_3
PUL00284	7.77e-120	3300028994_3
PUL0286	2.05e-06	3300028994_3
PUL00290	2.33e-26	3300028994_3
PUL00290	8.39e-43	3300028994_3
PUL0303	7.04e-28	3300028994_3
PUL0332	3.83e-26	3300028994_3
PUL0333	1.47e-116	3300028994_3
PUL0337	1.1e-65	3300028994_3
PUL0337	5.43e-63	3300028994_3
PUL0340	7.33e-187	3300028994_3
PUL0344	4.61e-23	3300028994_3
PUL0347	3.9799999999847e-313	3300028994_3
PUL0347	4.29e-67	3300028994_3
PUL0349	2.5e-219	3300028994_3
PUL0349	2.69e-123	3300028994_3
PUL0349	8.96e-220	3300028994_3
PUL0366	4.3e-49	3300028994_3
PUL0370	1.77e-144	3300028994_3
PUL0370	7.96e-157	3300028994_3
PUL0381	2.28e-97	3300028994_3
PUL0382	2.75e-26	3300028994_3
PUL0406	3.81e-20	3300028994_3
PUL0428	8.3e-07	3300028994_3
PUL0432	9.41e-05	3300028994_3
PUL0449	9.8e-16	3300028994_3
PUL0510	9.39e-08	3300028994_3
PUL0511	3.37e-44	3300028994_3
PUL0574	2.4e-88	3300028994_3
PUL0575	1.41e-233	3300028994_3
PUL0576	5.75e-216	3300028994_3
PUL0583	8.3e-43	3300028994_3
PUL0584	3.22e-145	3300028994_3
PUL0591	5.11e-51	3300028994_3
PUL00605	1.65e-75	3300028994_3
PUL01060	5.71e-234	3300028994_3
PUL01075	2.01e-142	3300028994_3
PUL01075	4.47e-173	3300028994_3
PUL01080	1.59e-25	3300028994_3
PUL01080	1.91e-35	3300028994_3
PUL01080	3.84e-39	3300028994_3
PUL01080	5.33e-37	3300028994_3
PUL01080	6.33e-51	3300028994_3
PUL01081	3.72e-114	3300028994_3
PUL01131	1.17e-113	3300028994_3
PUL01131	7.59e-215	3300028994_3
PUL01237	1.36e-16	3300028994_3
PUL01248	7.98e-103	3300028994_3
PUL01330	1.67e-41	3300028994_3
PUL01610	8.51e-61	3300028994_3
PUL01615	7.9e-06	3300028994_3
PUL01615	8.91e-19	3300028994_3
PUL01846	1.72e-26	3300028994_3
PUL02300	2.43e-115	3300028994_3
PUL02300	8.77e-105	3300028994_3
PUL02508	5.46e-122	3300028994_3
PUL03355	2.32e-174	3300028994_3
PUL03357	3.35e-114	3300028994_3
PUL03358	1.77e-48	3300028994_3
PUL03363	1.08e-78	3300028994_3
PUL03403	2.5e-48	3300028994_3
PUL03412	1.14e-265	3300028994_3
PUL03680	2.05e-22	3300028994_3
PUL04066	1.99e-208	3300028994_3
PUL04132	2.02e-159	3300028994_3
PUL04134	1.29e-34	3300028994_3
PUL04135	3.45e-120	3300028994_3
PUL04529	5.76e-41	3300028994_3
PUL04930	3.27e-85	3300028994_3
PUL04952	6.09e-89	3300028994_3
PUL05078	0.000174	3300028994_3
PUL05180	8.73e-46	3300028994_3
PUL05302	5.31e-290	3300028994_3
PUL05609	1.15e-87	3300028994_3
PUL06013	5.16e-34	3300028994_3
PUL06020	4.14e-33	3300028994_3
PUL0006	3.7e-189	3300029025_2
PUL0016	1.42e-155	3300029025_2
PUL0016	1.67e-146	3300029025_2
PUL0016	2.15e-114	3300029025_2
PUL0017	9.2e-184	3300029025_2
PUL0019	1.09e-176	3300029025_2
PUL0022	1.66e-149	3300029025_2
PUL0024	1.34e-112	3300029025_2
PUL0028	5.66e-45	3300029025_2
PUL0048	2.64e-203	3300029025_2
PUL0049	2.98e-140	3300029025_2
PUL0081	4.12e-51	3300029025_2
PUL0106	2.71e-172	3300029025_2
PUL0121	1.48e-73	3300029025_2
PUL0121	6.19e-13	3300029025_2
PUL0121	7.2e-38	3300029025_2
PUL0121	8.86e-23	3300029025_2
PUL0124	7.66e-220	3300029025_2
PUL00130	1.01e-101	3300029025_2
PUL0136	1.04e-89	3300029025_2
PUL0186	1.82e-126	3300029025_2
PUL0186	3.9e-146	3300029025_2
PUL0195	1.08e-139	3300029025_2
PUL0210	7.79e-45	3300029025_2
PUL0212	1.64e-164	3300029025_2
PUL0212	9.81e-144	3300029025_2
PUL0214	8.82e-96	3300029025_2
PUL0216	2e-47	3300029025_2
PUL0238	5.64e-188	3300029025_2
PUL0267	4.4e-126	3300029025_2
PUL00290	1.15e-57	3300029025_2
PUL00290	2.03e-45	3300029025_2
PUL00290	6.7e-38	3300029025_2
PUL0333	1.63e-110	3300029025_2
PUL0333	1.9e-77	3300029025_2
PUL0337	1.58e-120	3300029025_2
PUL0337	2.49e-188	3300029025_2
PUL0337	2.63e-63	3300029025_2
PUL0339	9.46e-32	3300029025_2
PUL0347	1.49e-71	3300029025_2
PUL0349	1.87e-226	3300029025_2
PUL0366	3.82e-110	3300029025_2
PUL0390	1.22e-112	3300029025_2
PUL0519	2.46e-270	3300029025_2
PUL0576	1.37e-124	3300029025_2
PUL0576	4.17e-250	3300029025_2
PUL0582	7.72e-115	3300029025_2
PUL0584	5.09e-187	3300029025_2
PUL0590	4.72e-45	3300029025_2
PUL0591	4.88e-73	3300029025_2
PUL01060	1.23e-241	3300029025_2
PUL01060	1.57e-119	3300029025_2
PUL01080	1.66e-26	3300029025_2
PUL01081	5.96e-102	3300029025_2
PUL01131	4.63e-158	3300029025_2
PUL01249	7.13e-172	3300029025_2
PUL01352	8.75e-79	3300029025_2
PUL02300	4.84e-110	3300029025_2
PUL02670	1.02e-145	3300029025_2
PUL03355	4.17e-175	3300029025_2
PUL03402	4.58e-14	3300029025_2
PUL03904	6.83e-37	3300029025_2
PUL04066	4.1e-230	3300029025_2
PUL04132	1.49e-150	3300029025_2
PUL04134	9.74e-50	3300029025_2
PUL04135	9.16e-122	3300029025_2
PUL04473	2.85e-148	3300029025_2
PUL04605	4.2e-52	3300029025_2
PUL04899	8.65e-45	3300029025_2
PUL05304	5.2e-39	3300029025_2
PUL05537	5.88e-07	3300029025_2
PUL00014	9.98e-151	3300029051_9
PUL0015	6.03e-06	3300029051_9
PUL0016	1.11e-218	3300029051_9
PUL0016	1.47e-159	3300029051_9
PUL0016	2.25e-168	3300029051_9
PUL0016	2.68e-201	3300029051_9
PUL0017	1.08e-186	3300029051_9
PUL0017	1.09e-08	3300029051_9
PUL0022	1.3e-61	3300029051_9
PUL0022	1.47e-158	3300029051_9
PUL0022	3.86e-112	3300029051_9
PUL0024	1.11e-07	3300029051_9
PUL0024	1.88e-56	3300029051_9
PUL0024	2.5e-179	3300029051_9
PUL0024	7.38e-42	3300029051_9
PUL0029	2.13e-29	3300029051_9
PUL0029	2.41e-184	3300029051_9
PUL0029	2.59e-114	3300029051_9
PUL0033	1.05e-32	3300029051_9
PUL0033	7.26e-54	3300029051_9
PUL0041	1.54e-135	3300029051_9
PUL0041	4.69e-163	3300029051_9
PUL0049	9.3e-147	3300029051_9
PUL0058	1.12e-107	3300029051_9
PUL0058	8.2e-268	3300029051_9
PUL00061	6.66e-113	3300029051_9
PUL0074	1.41e-07	3300029051_9
PUL0094	2.14e-26	3300029051_9
PUL0098	2.44e-05	3300029051_9
PUL00101	9.86e-35	3300029051_9
PUL0101	1.48e-149	3300029051_9
PUL0103	3.3e-121	3300029051_9
PUL0106	5.2e-111	3300029051_9
PUL0106	5.71e-194	3300029051_9
PUL0108	3.28e-32	3300029051_9
PUL0121	2.26e-20	3300029051_9
PUL0123	1.93e-23	3300029051_9
PUL0124	5.92e-217	3300029051_9
PUL0131	4.83e-63	3300029051_9
PUL0143	3.32e-37	3300029051_9
PUL0145	1.58e-37	3300029051_9
PUL0168	2.32e-136	3300029051_9
PUL0168	7.05e-10	3300029051_9
PUL0172	1.88e-46	3300029051_9
PUL0173	3.05e-71	3300029051_9
PUL0180	1.18e-96	3300029051_9
PUL0180	2.46e-119	3300029051_9
PUL0184	8.26e-135	3300029051_9
PUL0186	7.33e-197	3300029051_9
PUL0191	5.01e-56	3300029051_9
PUL0195	2.03e-86	3300029051_9
PUL0195	3.45e-71	3300029051_9
PUL0216	1.3e-71	3300029051_9
PUL0219	4.89e-111	3300029051_9
PUL0231	1.82e-192	3300029051_9
PUL0231	4.54e-203	3300029051_9
PUL0236	6.24e-67	3300029051_9
PUL0238	3.68e-50	3300029051_9
PUL0238	5.55e-123	3300029051_9
PUL0238	5.56e-90	3300029051_9
PUL00241	2.16e-83	3300029051_9
PUL0246	5.01e-09	3300029051_9
PUL0248	4.3e-120	3300029051_9
PUL0258	1.47e-24	3300029051_9
PUL0270	3.32e-48	3300029051_9
PUL0278	1.28e-64	3300029051_9
PUL00290	1.17e-32	3300029051_9
PUL00290	2.01e-41	3300029051_9
PUL00290	2.16e-42	3300029051_9
PUL00290	2.24e-39	3300029051_9
PUL00290	3.38e-33	3300029051_9
PUL0294	2.64e-26	3300029051_9
PUL0299	2.63e-71	3300029051_9
PUL0324	8.3e-75	3300029051_9
PUL0327	1.18e-175	3300029051_9
PUL0337	4.01e-220	3300029051_9
PUL0337	4.1e-66	3300029051_9
PUL0339	1.35e-50	3300029051_9
PUL0339	2.87e-46	3300029051_9
PUL0340	1.1e-214	3300029051_9
PUL0347	5.4600000000103e-313	3300029051_9
PUL0366	1.89e-32	3300029051_9
PUL0368	1.25e-199	3300029051_9
PUL0370	5.18e-147	3300029051_9
PUL0370	6.68e-163	3300029051_9
PUL0381	1.1e-67	3300029051_9
PUL0381	4.41e-52	3300029051_9
PUL0390	4.36e-104	3300029051_9
PUL0392	1.75e-94	3300029051_9
PUL0396	1.4e-72	3300029051_9
PUL0450	1.62e-136	3300029051_9
PUL0451	4.06e-67	3300029051_9
PUL0452	7.81e-08	3300029051_9
PUL0453	2.58e-33	3300029051_9
PUL0454	1.53e-32	3300029051_9
PUL00475	2.83e-62	3300029051_9
PUL0492	8.61e-14	3300029051_9
PUL0501	2.81e-165	3300029051_9
PUL0503	3e-05	3300029051_9
PUL0522	4.5e-50	3300029051_9
PUL0574	6.67e-64	3300029051_9
PUL0575	4.06e-242	3300029051_9
PUL0576	1.12e-128	3300029051_9
PUL0579	6.14e-73	3300029051_9
PUL0584	2.6e-16	3300029051_9
PUL0591	8.22e-74	3300029051_9
PUL00629	7e-62	3300029051_9
PUL00706	1.06e-163	3300029051_9
PUL00935	1.05e-28	3300029051_9
PUL01013	2.6e-67	3300029051_9
PUL01014	3.93e-44	3300029051_9
PUL01060	1.23e-240	3300029051_9
PUL01060	1.24e-121	3300029051_9
PUL01069	2.13e-30	3300029051_9
PUL01075	4.57e-172	3300029051_9
PUL01075	7.26e-171	3300029051_9
PUL01075	8.44e-184	3300029051_9
PUL01080	5.84e-23	3300029051_9
PUL01081	4.21e-111	3300029051_9
PUL01094	7.32e-245	3300029051_9
PUL01107	1.28e-21	3300029051_9
PUL01131	1.08e-154	3300029051_9
PUL01131	1.25e-146	3300029051_9
PUL01131	8.2e-210	3300029051_9
PUL01132	2.53e-47	3300029051_9
PUL01170	2.11e-28	3300029051_9
PUL01212	1.49e-15	3300029051_9
PUL01217	1.53e-97	3300029051_9
PUL01247	5.8e-111	3300029051_9
PUL01249	1.82e-42	3300029051_9
PUL01249	6.22e-30	3300029051_9
PUL01351	8.98e-29	3300029051_9
PUL01622	1.81e-41	3300029051_9
PUL01807	3.7e-05	3300029051_9
PUL01846	2.05e-40	3300029051_9
PUL02300	2.28e-114	3300029051_9
PUL02300	6.46e-110	3300029051_9
PUL02815	1.64e-37	3300029051_9
PUL02941	1.77e-74	3300029051_9
PUL03050	1.14e-09	3300029051_9
PUL03332	5.86e-36	3300029051_9
PUL03355	1.89e-178	3300029051_9
PUL03358	2.05e-152	3300029051_9
PUL03363	4.06e-05	3300029051_9
PUL03363	5.2e-81	3300029051_9
PUL03403	2.26e-40	3300029051_9
PUL03403	2.78e-38	3300029051_9
PUL03403	6.22e-07	3300029051_9
PUL03412	6.4e-284	3300029051_9
PUL03413	1.05e-21	3300029051_9
PUL03452	7.25e-42	3300029051_9
PUL03901	2.37e-40	3300029051_9
PUL03904	8.63e-30	3300029051_9
PUL04064	1.75e-91	3300029051_9
PUL04066	2.67e-26	3300029051_9
PUL04066	5.06e-186	3300029051_9
PUL04132	6.42e-158	3300029051_9
PUL04144	5.18e-53	3300029051_9
PUL04250	1.04e-43	3300029051_9
PUL04521	1.64e-41	3300029051_9
PUL04529	5.06e-50	3300029051_9
PUL04930	1.78e-82	3300029051_9
PUL05000	7.24e-08	3300029051_9
PUL05188	8.4e-18	3300029051_9
PUL05609	7.89e-104	3300029051_9
PUL0005	4.96e-199	3300029071_3
PUL0006	4.92e-201	3300029071_3
PUL0014	4.95e-30	3300029071_3
PUL0016	1.09e-179	3300029071_3
PUL0016	7.19e-107	3300029071_3
PUL0017	4.35e-105	3300029071_3
PUL0022	1.13e-105	3300029071_3
PUL0022	1.34e-159	3300029071_3
PUL0022	2e-170	3300029071_3
PUL0022	2.63e-171	3300029071_3
PUL0022	7.02e-219	3300029071_3
PUL0022	9.03e-135	3300029071_3
PUL0024	1.4e-32	3300029071_3
PUL0025	4.16e-99	3300029071_3
PUL0025	5e-08	3300029071_3
PUL0025	5.02e-64	3300029071_3
PUL0025	8.16e-08	3300029071_3
PUL0041	1.06e-175	3300029071_3
PUL0058	1.35e-266	3300029071_3
PUL0121	1.35e-212	3300029071_3
PUL0184	9.02e-133	3300029071_3
PUL0186	1.31e-192	3300029071_3
PUL0186	2.9e-161	3300029071_3
PUL0195	1.84e-45	3300029071_3
PUL0195	2.51e-82	3300029071_3
PUL0213	2.8e-257	3300029071_3
PUL0245	8.12e-34	3300029071_3
PUL0254	9.19e-180	3300029071_3
PUL0282	1.27e-48	3300029071_3
PUL0287	1.08e-73	3300029071_3
PUL00290	8.5e-31	3300029071_3
PUL00297	1.14e-07	3300029071_3
PUL0326	1.31e-14	3300029071_3
PUL0347	5.23000000001366e-313	3300029071_3
PUL0349	4.55e-218	3300029071_3
PUL0349	6.7e-220	3300029071_3
PUL0370	9.91e-144	3300029071_3
PUL00471	0.000155	3300029071_3
PUL0494	4.54e-179	3300029071_3
PUL0501	1.02e-175	3300029071_3
PUL0576	8.41e-215	3300029071_3
PUL0595	4.1e-77	3300029071_3
PUL01060	2.13e-234	3300029071_3
PUL01075	2.01e-142	3300029071_3
PUL01075	5.03e-173	3300029071_3
PUL01080	6.62e-39	3300029071_3
PUL01080	6.84e-51	3300029071_3
PUL01131	3.02e-188	3300029071_3
PUL01131	7.5e-124	3300029071_3
PUL01248	9.34e-102	3300029071_3
PUL02300	2.55e-115	3300029071_3
PUL03004	2.84e-49	3300029071_3
PUL03403	2.5e-41	3300029071_3
PUL03412	4.01e-265	3300029071_3
PUL04064	5.12e-17	3300029071_3
PUL04930	6.06e-85	3300029071_3
PUL05302	8.58e-276	3300029071_3
PUL05609	6.37e-63	3300029071_3
PUL0006	4.48e-201	3300029074_5
PUL0015	2.4e-22	3300029074_5
PUL0016	2.04e-179	3300029074_5
PUL0016	4.39e-131	3300029074_5
PUL0016	6.84e-141	3300029074_5
PUL0017	1.38e-182	3300029074_5
PUL0022	1.48e-169	3300029074_5
PUL0022	1.59e-171	3300029074_5
PUL0022	2.67e-135	3300029074_5
PUL0024	1.13e-32	3300029074_5
PUL0024	3.56e-45	3300029074_5
PUL0058	2.27e-266	3300029074_5
PUL0106	4.16e-178	3300029074_5
PUL0121	6.23e-212	3300029074_5
PUL0121	6.87e-73	3300029074_5
PUL0123	1.24e-28	3300029074_5
PUL0184	2.19e-133	3300029074_5
PUL0186	1.59e-160	3300029074_5
PUL0189	1.55e-47	3300029074_5
PUL0195	1.24e-84	3300029074_5
PUL0196	3.63e-32	3300029074_5
PUL0213	4.5e-258	3300029074_5
PUL0216	5.97e-73	3300029074_5
PUL00241	3e-254	3300029074_5
PUL0254	4.59e-219	3300029074_5
PUL0256	1.07e-193	3300029074_5
PUL0258	2.17e-26	3300029074_5
PUL00290	1.09e-30	3300029074_5
PUL0295	1.24e-10	3300029074_5
PUL0295	2.25e-12	3300029074_5
PUL0295	8.89e-10	3300029074_5
PUL0333	6.7e-117	3300029074_5
PUL0340	1.62e-186	3300029074_5
PUL0347	5.20999999999462e-313	3300029074_5
PUL0349	1.02e-166	3300029074_5
PUL0349	1.43e-136	3300029074_5
PUL0349	2.23e-218	3300029074_5
PUL0366	9.31e-49	3300029074_5
PUL0368	4.96e-105	3300029074_5
PUL0396	6.07e-77	3300029074_5
PUL0406	2.65e-07	3300029074_5
PUL0410	4.81e-67	3300029074_5
PUL0446	3.85e-97	3300029074_5
PUL0479	2.4e-166	3300029074_5
PUL0576	5.51e-215	3300029074_5
PUL00605	1.57e-75	3300029074_5
PUL01060	2.15e-234	3300029074_5
PUL01075	6.12e-142	3300029074_5
PUL01075	6.52e-173	3300029074_5
PUL01081	8.03e-114	3300029074_5
PUL01087	2.43e-11	3300029074_5
PUL01131	1.56e-113	3300029074_5
PUL01141	2.16e-190	3300029074_5
PUL01233	4.43e-08	3300029074_5
PUL01237	3.35e-16	3300029074_5
PUL01248	6.73e-102	3300029074_5
PUL01330	2.89e-41	3300029074_5
PUL01615	0.00011	3300029074_5
PUL01615	1.78e-09	3300029074_5
PUL01615	7.82e-09	3300029074_5
PUL01807	6.12e-17	3300029074_5
PUL01842	2.45e-49	3300029074_5
PUL02271	4.43e-58	3300029074_5
PUL02611	2.03e-24	3300029074_5
PUL03004	2.09e-40	3300029074_5
PUL03004	6.45e-17	3300029074_5
PUL03355	4.32e-174	3300029074_5
PUL03368	1.21e-39	3300029074_5
PUL03401	1.68e-153	3300029074_5
PUL03402	4.25e-43	3300029074_5
PUL03412	4.13e-263	3300029074_5
PUL03416	7.58e-44	3300029074_5
PUL03416	7.96e-17	3300029074_5
PUL03462	2.65e-05	3300029074_5
PUL04066	7.98e-208	3300029074_5
PUL04132	2.57e-159	3300029074_5
PUL04940	4.68e-17	3300029074_5
PUL05028	5.03e-85	3300029074_5
PUL05054	6.23e-202	3300029074_5
PUL05302	1.58e-276	3300029074_5
PUL05302	9.14e-286	3300029074_5
PUL05609	2.34e-98	3300029074_5
PUL06020	5.14e-33	3300029074_5
PUL0006	1.45e-189	3300029091_7
PUL0016	2.22e-114	3300029091_7
PUL0017	9.17e-184	3300029091_7
PUL0019	3.04e-176	3300029091_7
PUL0022	5.79e-150	3300029091_7
PUL0024	2.25e-112	3300029091_7
PUL0029	5.2e-125	3300029091_7
PUL0048	3.27e-203	3300029091_7
PUL0124	4.19e-194	3300029091_7
PUL0124	6.75e-220	3300029091_7
PUL00130	1.18e-101	3300029091_7
PUL0136	1.04e-89	3300029091_7
PUL0186	3.11e-146	3300029091_7
PUL0195	1.45e-139	3300029091_7
PUL0195	3.88e-112	3300029091_7
PUL0199	1.32e-36	3300029091_7
PUL0212	6.87e-165	3300029091_7
PUL0238	5.41e-188	3300029091_7
PUL0267	3.69e-126	3300029091_7
PUL00290	6.71e-38	3300029091_7
PUL0333	7.43e-78	3300029091_7
PUL0337	2.64e-63	3300029091_7
PUL0337	9.37e-188	3300029091_7
PUL0339	9.76e-32	3300029091_7
PUL0349	4.28e-226	3300029091_7
PUL0366	3.51e-110	3300029091_7
PUL0390	2.12e-112	3300029091_7
PUL0401	7.28e-15	3300029091_7
PUL0519	1.31e-270	3300029091_7
PUL0576	1.51e-250	3300029091_7
PUL0583	1.42e-46	3300029091_7
PUL00706	1.92e-168	3300029091_7
PUL01060	1.3e-241	3300029091_7
PUL01077	2.02e-55	3300029091_7
PUL01131	4.23e-110	3300029091_7
PUL01218	6.71e-38	3300029091_7
PUL02300	5.61e-110	3300029091_7
PUL02670	2.5e-146	3300029091_7
PUL03355	6.31e-175	3300029091_7
PUL03412	1.64e-182	3300029091_7
PUL04064	3.82e-224	3300029091_7
PUL04064	6.41e-229	3300029091_7
PUL04066	3.24e-230	3300029091_7
PUL04132	1.71e-150	3300029091_7
PUL05302	7.72e-12	3300029091_7
PUL05308	5.31e-96	3300029091_7
PUL0006	4.48e-201	3300029329_11
PUL0009	1.19e-87	3300029329_11
PUL0016	1.48e-179	3300029329_11
PUL0016	5.78e-141	3300029329_11
PUL0017	8.08e-183	3300029329_11
PUL0019	2.19e-105	3300029329_11
PUL0019	9.18e-74	3300029329_11
PUL0019	9.22e-159	3300029329_11
PUL0022	1.01e-167	3300029329_11
PUL0022	1.31e-171	3300029329_11
PUL0022	2.39e-135	3300029329_11
PUL0022	3.43e-219	3300029329_11
PUL0024	1.01e-32	3300029329_11
PUL0029	1.09e-39	3300029329_11
PUL0029	1.44e-189	3300029329_11
PUL0029	1.6e-110	3300029329_11
PUL0029	3.34e-209	3300029329_11
PUL0038	3.05e-91	3300029329_11
PUL0041	3.9e-196	3300029329_11
PUL0058	3.43e-266	3300029329_11
PUL0121	1.36e-212	3300029329_11
PUL0123	9e-52	3300029329_11
PUL0168	4.6e-21	3300029329_11
PUL0172	2.79e-90	3300029329_11
PUL0180	6.62e-117	3300029329_11
PUL0186	3.01e-160	3300029329_11
PUL0196	4.9e-71	3300029329_11
PUL0212	4.08e-142	3300029329_11
PUL0212	8.71e-179	3300029329_11
PUL0213	4.53e-258	3300029329_11
PUL0231	4.38e-194	3300029329_11
PUL0236	5.53e-78	3300029329_11
PUL0255	2.05e-52	3300029329_11
PUL00290	2.1e-84	3300029329_11
PUL0337	3.87e-118	3300029329_11
PUL0337	5.15e-207	3300029329_11
PUL0339	4.19e-44	3300029329_11
PUL0340	3.67e-186	3300029329_11
PUL0347	3.99000000001893e-313	3300029329_11
PUL0349	1.09e-121	3300029329_11
PUL0349	1.8e-218	3300029329_11
PUL0368	2.01e-87	3300029329_11
PUL0370	1.06e-155	3300029329_11
PUL0406	4.87e-36	3300029329_11
PUL0519	7.9e-89	3300029329_11
PUL0574	1.06e-79	3300029329_11
PUL0575	2.3e-233	3300029329_11
PUL00605	8.93e-76	3300029329_11
PUL01060	1.62e-234	3300029329_11
PUL01075	5.08e-173	3300029329_11
PUL01075	6.15e-142	3300029329_11
PUL01081	1.95e-113	3300029329_11
PUL01141	4.33e-190	3300029329_11
PUL01248	4.04e-102	3300029329_11
PUL01460	0.000533	3300029329_11
PUL01615	1.66e-19	3300029329_11
PUL02300	1.39e-115	3300029329_11
PUL02300	3.2e-102	3300029329_11
PUL03404	2.12e-24	3300029329_11
PUL03412	9.6e-277	3300029329_11
PUL03902	3.12e-119	3300029329_11
PUL04135	1.04e-119	3300029329_11
PUL04952	1.08e-85	3300029329_11
PUL05302	2.07e-279	3300029329_11
PUL05609	7.5e-67	3300029329_11
PUL0009	9.44e-88	3300029366_3
PUL0016	4e-179	3300029366_3
PUL0017	7.54e-183	3300029366_3
PUL0019	2.5e-37	3300029366_3
PUL0019	2.82e-39	3300029366_3
PUL0019	9.25e-159	3300029366_3
PUL0022	4.17e-53	3300029366_3
PUL0022	6.64e-135	3300029366_3
PUL0022	7.5e-172	3300029366_3
PUL0024	1.55e-32	3300029366_3
PUL0025	1.65e-07	3300029366_3
PUL0025	2.89e-63	3300029366_3
PUL0025	6.2e-115	3300029366_3
PUL0041	1.01e-193	3300029366_3
PUL0058	1.49e-266	3300029366_3
PUL0121	1.41e-212	3300029366_3
PUL0184	6.24e-133	3300029366_3
PUL0186	8.59e-161	3300029366_3
PUL0195	1.19e-81	3300029366_3
PUL0195	6.1e-46	3300029366_3
PUL0212	4.86e-143	3300029366_3
PUL0213	2.8e-257	3300029366_3
PUL0227	1.17e-119	3300029366_3
PUL0238	1.28e-95	3300029366_3
PUL0238	1.56e-60	3300029366_3
PUL00241	9.04e-254	3300029366_3
PUL0265	4.72e-137	3300029366_3
PUL00290	4.38e-84	3300029366_3
PUL0314	1.45e-13	3300029366_3
PUL0326	1.35e-16	3300029366_3
PUL0340	3.4e-186	3300029366_3
PUL0347	4.97000000001317e-313	3300029366_3
PUL0349	1.29e-218	3300029366_3
PUL0349	2.76e-220	3300029366_3
PUL0370	2.68e-156	3300029366_3
PUL0375	7.52e-47	3300029366_3
PUL00472	1.59e-17	3300029366_3
PUL0576	2.27e-125	3300029366_3
PUL01060	1.17e-231	3300029366_3
PUL01075	5.3e-173	3300029366_3
PUL01080	7.26e-39	3300029366_3
PUL01131	7.18e-176	3300029366_3
PUL01141	2.21e-190	3300029366_3
PUL01248	1.1e-101	3300029366_3
PUL02182	2.68e-119	3300029366_3
PUL02300	1.42e-115	3300029366_3
PUL03400	5.18e-19	3300029366_3
PUL03412	7.39e-266	3300029366_3
PUL03462	9.05e-16	3300029366_3
PUL04132	9.22e-160	3300029366_3
PUL05101	4.26e-61	3300029366_3
PUL05302	5.9e-277	3300029366_3
PUL0009	9.49e-88	3300029383_5
PUL0017	1.79e-182	3300029383_5
PUL0019	2.79e-39	3300029383_5
PUL0019	4.13e-158	3300029383_5
PUL0019	5.25e-37	3300029383_5
PUL0022	1.53e-171	3300029383_5
PUL0022	5.04e-169	3300029383_5
PUL0022	5.7e-53	3300029383_5
PUL0022	6.64e-135	3300029383_5
PUL0024	1.4e-32	3300029383_5
PUL0025	1.2e-63	3300029383_5
PUL0025	6.22e-115	3300029383_5
PUL0041	1.07e-175	3300029383_5
PUL0041	3.67e-195	3300029383_5
PUL0058	1.49e-266	3300029383_5
PUL0121	1.52e-211	3300029383_5
PUL0180	9e-91	3300029383_5
PUL0184	6.26e-133	3300029383_5
PUL0186	8.59e-161	3300029383_5
PUL0195	4.38e-81	3300029383_5
PUL0209	5.39e-83	3300029383_5
PUL0213	2.82e-257	3300029383_5
PUL0227	1.17e-119	3300029383_5
PUL0238	1.28e-95	3300029383_5
PUL0238	1.56e-60	3300029383_5
PUL00241	9.06e-254	3300029383_5
PUL0265	4.8e-137	3300029383_5
PUL00290	3.79e-30	3300029383_5
PUL0326	3.54e-16	3300029383_5
PUL0337	6.42e-207	3300029383_5
PUL0340	3.39e-186	3300029383_5
PUL0347	4.97000000001317e-313	3300029383_5
PUL0349	1.08e-218	3300029383_5
PUL0349	8.6e-137	3300029383_5
PUL0375	7.29e-47	3300029383_5
PUL00472	7.29e-17	3300029383_5
PUL0518	8.06e-81	3300029383_5
PUL00605	9.62e-76	3300029383_5
PUL01060	9.12e-232	3300029383_5
PUL01075	6.16e-142	3300029383_5
PUL01075	6.89e-173	3300029383_5
PUL01084	4.21e-140	3300029383_5
PUL01131	4.49e-176	3300029383_5
PUL01141	2.09e-190	3300029383_5
PUL01248	8.68e-102	3300029383_5
PUL02182	2.68e-119	3300029383_5
PUL02300	1.42e-115	3300029383_5
PUL02551	7.5e-05	3300029383_5
PUL03410	4.95e-15	3300029383_5
PUL03412	7.39e-266	3300029383_5
PUL03462	8.49e-16	3300029383_5
PUL05101	4.27e-61	3300029383_5
PUL05302	7.58e-277	3300029383_5
PUL05609	1.94e-77	3300029383_5
PUL0016	8.24e-141	3300029396_10
PUL0019	1.69e-105	3300029396_10
PUL0019	7.53e-159	3300029396_10
PUL0022	1.18e-171	3300029396_10
PUL0022	3.27e-104	3300029396_10
PUL0022	4.35e-53	3300029396_10
PUL0022	8.81e-219	3300029396_10
PUL0024	1.48e-32	3300029396_10
PUL0025	2.96e-08	3300029396_10
PUL0058	1.49e-266	3300029396_10
PUL0121	2.39e-212	3300029396_10
PUL0186	4.94e-159	3300029396_10
PUL0212	9e-143	3300029396_10
PUL0213	3.36e-257	3300029396_10
PUL00241	1.92e-254	3300029396_10
PUL0295	3.23e-06	3300029396_10
PUL0326	1.2e-16	3300029396_10
PUL0337	3.39e-211	3300029396_10
PUL0347	7.26999999997951e-313	3300029396_10
PUL0349	2.03e-218	3300029396_10
PUL0370	1.38e-156	3300029396_10
PUL0451	0.000993	3300029396_10
PUL0576	2.22e-125	3300029396_10
PUL01060	4.08e-233	3300029396_10
PUL01075	2.01e-142	3300029396_10
PUL01141	6.42e-190	3300029396_10
PUL01248	1.05e-101	3300029396_10
PUL04132	1.42e-159	3300029396_10
PUL04930	6.01e-85	3300029396_10
PUL04930	6.93e-10	3300029396_10
PUL05302	3.23e-276	3300029396_10
PUL0004	3.56e-150	3300029398_8
PUL0004	4.02e-138	3300029398_8
PUL0006	1.16e-173	3300029398_8
PUL0006	2.55e-186	3300029398_8
PUL0016	2.4e-153	3300029398_8
PUL0017	1.52e-65	3300029398_8
PUL0022	1.2e-141	3300029398_8
PUL0022	2.33e-171	3300029398_8
PUL0025	4.27e-22	3300029398_8
PUL0028	5.49e-69	3300029398_8
PUL0029	1.36e-40	3300029398_8
PUL0029	2.04e-113	3300029398_8
PUL0029	4.96e-125	3300029398_8
PUL0038	1.14e-148	3300029398_8
PUL0049	1.34e-133	3300029398_8
PUL0106	1.27e-173	3300029398_8
PUL0121	2.83e-13	3300029398_8
PUL0121	3.37e-14	3300029398_8
PUL0121	6.27e-52	3300029398_8
PUL0124	5.07e-196	3300029398_8
PUL00130	1.78e-76	3300029398_8
PUL0139	3.01e-21	3300029398_8
PUL0186	1.48e-136	3300029398_8
PUL0186	7.08e-130	3300029398_8
PUL0190	5.19e-191	3300029398_8
PUL0195	1.17e-112	3300029398_8
PUL0195	1.88e-81	3300029398_8
PUL0195	4.15e-79	3300029398_8
PUL0195	5.03e-57	3300029398_8
PUL0199	7.57e-37	3300029398_8
PUL0212	3.42e-37	3300029398_8
PUL0231	4.99e-176	3300029398_8
PUL0238	3.6e-110	3300029398_8
PUL0238	5.01e-185	3300029398_8
PUL0267	1.17e-73	3300029398_8
PUL0267	1.68e-247	3300029398_8
PUL0267	2.2e-125	3300029398_8
PUL00290	1.43e-57	3300029398_8
PUL0327	6.3e-34	3300029398_8
PUL0337	1.48e-119	3300029398_8
PUL0337	1.72e-188	3300029398_8
PUL0349	3.99e-225	3300029398_8
PUL0349	8.65e-70	3300029398_8
PUL0370	2.57e-151	3300029398_8
PUL0390	2.57e-111	3300029398_8
PUL0390	2.81e-97	3300029398_8
PUL00500	2.61e-95	3300029398_8
PUL0519	1.22e-268	3300029398_8
PUL0576	3.4e-245	3300029398_8
PUL0582	1.14e-113	3300029398_8
PUL00942	3.6e-76	3300029398_8
PUL01013	1.62e-75	3300029398_8
PUL01051	1.62e-48	3300029398_8
PUL01060	3.99e-241	3300029398_8
PUL01075	1.66e-159	3300029398_8
PUL01249	1.16e-171	3300029398_8
PUL01601	3.13e-73	3300029398_8
PUL02181	1.26e-56	3300029398_8
PUL02300	2.14e-110	3300029398_8
PUL02535	1.82e-07	3300029398_8
PUL02670	1.62e-149	3300029398_8
PUL02670	3.2e-138	3300029398_8
PUL03004	1.4e-88	3300029398_8
PUL03298	1.41e-41	3300029398_8
PUL03355	6.5e-176	3300029398_8
PUL03357	3.85e-128	3300029398_8
PUL03358	9.53e-157	3300029398_8
PUL04064	6.91e-43	3300029398_8
PUL04066	5.32e-236	3300029398_8
PUL04132	2.45e-153	3300029398_8
PUL04605	2.27e-51	3300029398_8
PUL04608	1.45e-132	3300029398_8
PUL05045	3.51e-16	3300029398_8
PUL05221	2.79e-120	3300029398_8
PUL05609	2.18e-117	3300029398_8
PUL0006	4.73e-201	3300029508_9
PUL00014	9.58e-150	3300029508_9
PUL0014	1.18e-27	3300029508_9
PUL0016	1.34e-222	3300029508_9
PUL0016	6.9e-27	3300029508_9
PUL0017	2.24e-186	3300029508_9
PUL0022	1.76e-143	3300029508_9
PUL0022	1.77e-159	3300029508_9
PUL0022	3.33e-180	3300029508_9
PUL0022	4.05e-112	3300029508_9
PUL0022	8.01e-175	3300029508_9
PUL0041	4.82e-155	3300029508_9
PUL0058	6.78e-269	3300029508_9
PUL0106	2.17e-194	3300029508_9
PUL0106	9.05e-111	3300029508_9
PUL0121	1.19e-15	3300029508_9
PUL0124	1.51e-208	3300029508_9
PUL0180	3.84e-121	3300029508_9
PUL0186	7.95e-192	3300029508_9
PUL0195	4.2e-87	3300029508_9
PUL0212	1.27e-153	3300029508_9
PUL0216	3.72e-71	3300029508_9
PUL0231	4.6e-196	3300029508_9
PUL0238	5.19e-123	3300029508_9
PUL00241	2.12e-83	3300029508_9
PUL0250	1.34e-121	3300029508_9
PUL0256	1.07e-196	3300029508_9
PUL00290	1.78e-25	3300029508_9
PUL00290	1.79e-30	3300029508_9
PUL00290	2.07e-41	3300029508_9
PUL00290	5.91e-44	3300029508_9
PUL0337	9.48e-215	3300029508_9
PUL0340	1.91e-39	3300029508_9
PUL0340	7.54e-211	3300029508_9
PUL0347	3.77999999999193e-313	3300029508_9
PUL0368	8.57e-196	3300029508_9
PUL0392	1.99e-94	3300029508_9
PUL0396	1.54e-74	3300029508_9
PUL0401	1.12e-20	3300029508_9
PUL0414	3.31e-71	3300029508_9
PUL0432	3.14e-136	3300029508_9
PUL0501	3.18e-38	3300029508_9
PUL0522	1e-51	3300029508_9
PUL0574	6.13e-59	3300029508_9
PUL0575	3.86e-237	3300029508_9
PUL0576	3.95e-126	3300029508_9
PUL00706	4.01e-165	3300029508_9
PUL01060	8.12e-239	3300029508_9
PUL01075	4.12e-166	3300029508_9
PUL01131	1.02e-209	3300029508_9
PUL01131	2.98e-173	3300029508_9
PUL01132	2.57e-49	3300029508_9
PUL01248	8.87e-99	3300029508_9
PUL01615	1.07e-19	3300029508_9
PUL03358	3.31e-43	3300029508_9
PUL03403	7.88e-24	3300029508_9
PUL03412	6.62e-263	3300029508_9
PUL03452	3.52e-42	3300029508_9
PUL04066	5.29e-203	3300029508_9
PUL04132	1.11e-156	3300029508_9
PUL04144	1.14e-65	3300029508_9
PUL04600	4.09e-63	3300029508_9
PUL04930	4.1e-81	3300029508_9
PUL05045	2.34e-11	3300029508_9
PUL0017	8.72e-183	3300029634_9
PUL0019	1.39e-37	3300029634_9
PUL0019	7.4e-159	3300029634_9
PUL0022	1.18e-171	3300029634_9
PUL0022	3.28e-104	3300029634_9
PUL0022	9.18e-219	3300029634_9
PUL0025	6.65e-08	3300029634_9
PUL0027	3.79e-93	3300029634_9
PUL0041	1.07e-175	3300029634_9
PUL0058	1.49e-266	3300029634_9
PUL0121	2.32e-212	3300029634_9
PUL0195	5.42e-82	3300029634_9
PUL0212	9.05e-143	3300029634_9
PUL0213	3.37e-257	3300029634_9
PUL0216	1.04e-16	3300029634_9
PUL00241	1.74e-254	3300029634_9
PUL0256	3.72e-169	3300029634_9
PUL0287	3.38e-73	3300029634_9
PUL0326	1.17e-16	3300029634_9
PUL0327	1.51e-173	3300029634_9
PUL0347	7.26999999997951e-313	3300029634_9
PUL0349	1.08e-218	3300029634_9
PUL0349	1.17e-136	3300029634_9
PUL0370	1.47e-156	3300029634_9
PUL0575	7.72e-197	3300029634_9
PUL0576	2.22e-125	3300029634_9
PUL01060	1.82e-233	3300029634_9
PUL01075	2.01e-142	3300029634_9
PUL01075	4.46e-173	3300029634_9
PUL01141	6.35e-190	3300029634_9
PUL01237	4.46e-16	3300029634_9
PUL01248	1.05e-101	3300029634_9
PUL03403	2.61e-41	3300029634_9
PUL04132	1.42e-159	3300029634_9
PUL04144	1.7e-80	3300029634_9
PUL04930	6.02e-85	3300029634_9
PUL05302	2.65e-276	3300029634_9
PUL00014	2.53e-150	3300029731_11
PUL0016	1.24e-201	3300029731_11
PUL0022	1.71e-203	3300029731_11
PUL0022	2.09e-176	3300029731_11
PUL0022	2.33e-218	3300029731_11
PUL0022	7.31e-161	3300029731_11
PUL0022	7.79e-161	3300029731_11
PUL0025	5.05e-179	3300029731_11
PUL0033	1.23e-33	3300029731_11
PUL0058	2.45e-273	3300029731_11
PUL0101	1.77e-150	3300029731_11
PUL0106	2.46e-37	3300029731_11
PUL0106	2.47e-193	3300029731_11
PUL0106	8.71e-112	3300029731_11
PUL0124	2.27e-208	3300029731_11
PUL0186	3.82e-191	3300029731_11
PUL0216	2.01e-71	3300029731_11
PUL0231	1.24e-189	3300029731_11
PUL0231	5.33e-195	3300029731_11
PUL00241	5.21e-49	3300029731_11
PUL0248	2.24e-120	3300029731_11
PUL0256	9.75e-195	3300029731_11
PUL0327	1.26e-182	3300029731_11
PUL0340	2.65e-214	3300029731_11
PUL0347	6.73000000000889e-313	3300029731_11
PUL0368	2.96e-203	3300029731_11
PUL0372	5.19e-80	3300029731_11
PUL0396	5.05e-75	3300029731_11
PUL0432	2.41e-135	3300029731_11
PUL0453	3.72e-135	3300029731_11
PUL0574	3.02e-60	3300029731_11
PUL0575	1.28e-235	3300029731_11
PUL0576	1e-126	3300029731_11
PUL01060	1.6e-239	3300029731_11
PUL01075	3.46e-174	3300029731_11
PUL01081	1.09e-112	3300029731_11
PUL01131	1.65e-133	3300029731_11
PUL01131	1.66e-173	3300029731_11
PUL01132	3.06e-47	3300029731_11
PUL01212	1.16e-31	3300029731_11
PUL01807	5.32e-13	3300029731_11
PUL01846	1.08e-41	3300029731_11
PUL03355	2.51e-173	3300029731_11
PUL03412	2.22e-261	3300029731_11
PUL04066	6.13e-205	3300029731_11
PUL04144	4.67e-48	3300029731_11
PUL05045	2.47e-15	3300029731_11
PUL05609	1.32e-87	3300029731_11
PUL0001	4.09e-84	3300029839_14
PUL0004	7.87e-136	3300029839_14
PUL0007	1.87e-96	3300029839_14
PUL0013	1.4e-84	3300029839_14
PUL0014	3.34e-24	3300029839_14
PUL0015	2.22e-12	3300029839_14
PUL0016	1.37e-223	3300029839_14
PUL0016	1.93e-111	3300029839_14
PUL0016	2.94e-202	3300029839_14
PUL0017	8.31e-178	3300029839_14
PUL0019	2.13e-133	3300029839_14
PUL0019	3.59e-59	3300029839_14
PUL0022	1.28e-171	3300029839_14
PUL0022	2.12e-216	3300029839_14
PUL0022	4.66e-110	3300029839_14
PUL0022	4.68e-143	3300029839_14
PUL0024	1.31e-138	3300029839_14
PUL0024	2.76e-179	3300029839_14
PUL0024	5.24e-11	3300029839_14
PUL0029	3.99e-110	3300029839_14
PUL0058	2.43e-276	3300029839_14
PUL0058	3.31e-147	3300029839_14
PUL0094	6.81e-73	3300029839_14
PUL0101	1.78e-142	3300029839_14
PUL0103	5.44e-123	3300029839_14
PUL0106	6.55e-37	3300029839_14
PUL0121	1.94e-94	3300029839_14
PUL0121	8.95e-39	3300029839_14
PUL0123	7.06e-10	3300029839_14
PUL0154	6.55e-173	3300029839_14
PUL0180	1.43e-117	3300029839_14
PUL0196	1.19e-71	3300029839_14
PUL0212	8.71e-180	3300029839_14
PUL0216	6.26e-76	3300029839_14
PUL0219	1.52e-20	3300029839_14
PUL0219	9.81e-109	3300029839_14
PUL0226	4.05e-11	3300029839_14
PUL0238	6.38e-95	3300029839_14
PUL0245	3.59e-44	3300029839_14
PUL0257	1.14e-14	3300029839_14
PUL0267	1.73e-137	3300029839_14
PUL0269	1.89e-78	3300029839_14
PUL0295	6.95e-12	3300029839_14
PUL0297	3.22e-38	3300029839_14
PUL00298	2.66e-06	3300029839_14
PUL0309	6.43e-17	3300029839_14
PUL0327	1.23e-162	3300029839_14
PUL0337	3.11e-69	3300029839_14
PUL0340	4.91e-308	3300029839_14
PUL0347	1.15000004296688e-317	3300029839_14
PUL0366	1e-49	3300029839_14
PUL0368	2.95e-198	3300029839_14
PUL0369	1.4e-05	3300029839_14
PUL0370	1.67e-130	3300029839_14
PUL0394	4.44e-123	3300029839_14
PUL0399	0.000331	3300029839_14
PUL0406	2.07e-18	3300029839_14
PUL0410	4.08e-46	3300029839_14
PUL0458	3.87e-35	3300029839_14
PUL0486	4.42e-41	3300029839_14
PUL00492	5.08e-19	3300029839_14
PUL0494	1.12e-194	3300029839_14
PUL00500	3.53e-88	3300029839_14
PUL0501	1.35e-169	3300029839_14
PUL00505	7.25e-40	3300029839_14
PUL0519	1.28e-295	3300029839_14
PUL0527	2.24e-84	3300029839_14
PUL0574	3.39e-59	3300029839_14
PUL0579	1.7e-71	3300029839_14
PUL0582	1.7e-204	3300029839_14
PUL0584	2.95e-143	3300029839_14
PUL0590	6.18e-47	3300029839_14
PUL00706	1.54e-164	3300029839_14
PUL01060	1.18e-117	3300029839_14
PUL01060	4.11e-239	3300029839_14
PUL01060	9.48e-12	3300029839_14
PUL01070	1.03e-79	3300029839_14
PUL01075	1.95e-183	3300029839_14
PUL01131	4.02e-215	3300029839_14
PUL01212	1.48e-10	3300029839_14
PUL01217	1.64e-92	3300029839_14
PUL01231	2.06e-09	3300029839_14
PUL01247	4.25e-122	3300029839_14
PUL01615	1.03e-12	3300029839_14
PUL01615	1.56e-24	3300029839_14
PUL01846	1.09e-24	3300029839_14
PUL01846	3.87e-25	3300029839_14
PUL02300	1.07e-105	3300029839_14
PUL02400	1.86e-125	3300029839_14
PUL02670	3.05e-166	3300029839_14
PUL02815	1.9e-26	3300029839_14
PUL03004	8.69e-105	3300029839_14
PUL03328	6.36e-77	3300029839_14
PUL03412	5.41e-260	3300029839_14
PUL03904	1.06e-15	3300029839_14
PUL03904	4.15e-171	3300029839_14
PUL04066	6.61e-231	3300029839_14
PUL04132	1.29e-153	3300029839_14
PUL04135	4.61e-122	3300029839_14
PUL05188	4.51e-17	3300029839_14
