3300023179_36	GT83	Y
3300023179_36	GT2	N
3300023179_36	CE11	N
3300023179_36	GT28	N
3300023179_36	GT4	N
3300023179_36	GH166	N
3300023179_36	GT4	N
3300023179_36	GT60	N
3300023179_36	GT60	N
3300023179_36	GT4	N
3300023179_36	GH102	N
3300023179_36	GT2	N
3300023179_36	GH23	N
3300023179_36	GT4	N
3300023179_36	GT9	N
3300023179_36	GT2	N
3300023179_36	GT51	N
3300023179_36	GT2	N
3300023179_36	GT19	N
3300023179_36	GH103	Y
3300023179_36	GT30	N
3300023179_36	GH3	N
3300023179_36	GH114	N
3300023179_36	GT4	N
3300023179_36	GT51	N
3300023179_36	AA1	Y
3300023179_36	GH24	N
