GT4	190
GT2	131
GH3	99
CBM2	61
GT51	53
CE4	48
CE14	42
CE1	37
GH42	30
GH127	28
GH1	25
GH20	24
GH23	24
GH9	24
GT28	24
CBM48	22
GH15	22
GH73	21
AA10	20
CBM22	20
CE7	20
GH13_30	20
GH144	20
GH5_8	20
GH6	20
GH171	19
GH31	19
GT9	18
GH16_3	16
GH77	16
GT20	16
GT19	15
GT30	15
CE11	14
CE15	14
CE9	14
GH10	14
GH13_26	14
GH26	14
GH30_3	14
GH43_1	14
GH43_12	14
GH67	14
GH92	14
GH95	14
GH97	14
GH105	12
GH13	12
GH130	12
GH27	12
GH28	12
GH32	12
GT35	12
CBM13	10
CBM4	10
CE3	10
GH11	10
GH113	10
GH13_10	10
GH13_11	10
GH13_13	10
GH13_16	10
GH13_20	10
GH13_21	10
GH13_3	10
GH13_31	10
GH13_32	10
GH36	10
GH39	10
GH48	10
GH5_1	10
GH53	10
GH74	10
GT39	10
GT8	10
GT83	10
PL1_5	10
CE20	8
GH13_5	8
GH146	8
GH29	8
GH33	8
AA1	7
GH109	6
GH25	6
GH43_28	6
GT26	6
GT5	6
AA3_2	5
GH163	5
AA12	4
CBM8	4
CBM9	4
CE2	4
GH115	4
GH13_14	4
GH13_2	4
GH13_36	4
GH13_9	4
GH158	4
GH172	4
GH2	4
GH30_1	4
GH30_4	4
GH35	4
GH37	4
GH43_26	4
GH43_3	4
GH43_31	4
GH43_34	4
GH5_13	4
GH5_2	4
GH5_39	4
GH5_46	4
GH51	4
GH63	4
GH66	4
GH88	4
GH89	4
GT14	4
GT27	4
GT74	4
GT81	4
GT94	4
PL17_2	4
PL37	4
PL38	4
PL6	4
AA6	3
GH102	3
GH103	3
GH24	3
GT104	3
CBM35	2
GH125	2
GH18	2
GT32	2
GT25	1
