PUL0001	1.79e-169	3300010279_4
PUL0002	9.44e-72	3300010279_4
PUL0003	1.17e-113	3300010279_4
PUL0003	2.11e-125	3300010279_4
PUL0003	2.64e-119	3300010279_4
PUL0011	2.4e-209	3300010279_4
PUL0011	7.05e-15	3300010279_4
PUL0019	4.33e-127	3300010279_4
PUL0024	1.86e-34	3300010279_4
PUL0040	1.11e-143	3300010279_4
PUL0049	1.54e-43	3300010279_4
PUL0049	6.74e-164	3300010279_4
PUL0058	1.79e-177	3300010279_4
PUL0058	8.96e-189	3300010279_4
PUL0085	1.23e-85	3300010279_4
PUL0085	3.3e-242	3300010279_4
PUL0086	9.02e-219	3300010279_4
PUL00101	2.13e-53	3300010279_4
PUL00101	2.32e-198	3300010279_4
PUL0114	4.17e-143	3300010279_4
PUL0114	9.26e-174	3300010279_4
PUL0124	7.62e-231	3300010279_4
PUL0212	9.33e-160	3300010279_4
PUL0229	9.1e-69	3300010279_4
PUL0256	3.12e-174	3300010279_4
PUL0267	1.16e-260	3300010279_4
PUL0270	4.91e-56	3300010279_4
PUL0296	2.96e-94	3300010279_4
PUL0298	1.9e-43	3300010279_4
PUL0300	6.06e-70	3300010279_4
PUL0303	3.19e-59	3300010279_4
PUL0309	3.25e-208	3300010279_4
PUL0333	1.15e-08	3300010279_4
PUL0337	1.74e-204	3300010279_4
PUL0347	1.24e-232	3300010279_4
PUL0401	1.39e-89	3300010279_4
PUL0401	6.01e-68	3300010279_4
PUL0434	4.74e-34	3300010279_4
PUL00475	4.7e-63	3300010279_4
PUL0560	2.03e-61	3300010279_4
PUL0595	1.26e-69	3300010279_4
PUL0595	5.6e-96	3300010279_4
PUL01013	4.17e-56	3300010279_4
PUL01060	8.42e-212	3300010279_4
PUL01087	6.97e-155	3300010279_4
PUL01107	8.18e-43	3300010279_4
PUL01240	4.21e-17	3300010279_4
PUL01247	4.86e-126	3300010279_4
PUL01249	7.14e-185	3300010279_4
PUL02300	3.44e-90	3300010279_4
PUL03358	1.46e-140	3300010279_4
PUL03358	4.72e-49	3300010279_4
PUL03403	7.93e-40	3300010279_4
PUL03404	2.46e-43	3300010279_4
PUL04299	2.27e-22	3300010279_4
PUL05304	8.21e-32	3300010279_4
PUL05609	1.57e-99	3300010279_4
PUL05841	3.83e-166	3300010279_4
PUL0013	1.01e-75	3300012889_21
PUL0013	1.41e-27	3300012889_21
PUL00014	4.73e-149	3300012889_21
PUL0017	1.87e-236	3300012889_21
PUL0017	2.37e-199	3300012889_21
PUL0024	7.15e-204	3300012889_21
PUL0025	7.65e-46	3300012889_21
PUL0029	1.11e-201	3300012889_21
PUL0029	2.44e-105	3300012889_21
PUL0038	3.51e-159	3300012889_21
PUL0049	1.77e-151	3300012889_21
PUL0106	1.12e-162	3300012889_21
PUL0121	3.28e-34	3300012889_21
PUL0124	3.85e-216	3300012889_21
PUL0212	2.68e-114	3300012889_21
PUL0219	8.27e-13	3300012889_21
PUL0236	1.4e-110	3300012889_21
PUL0316	3.2e-51	3300012889_21
PUL0333	2.58e-117	3300012889_21
PUL0333	2.75e-127	3300012889_21
PUL0337	2.29e-50	3300012889_21
PUL0337	6.81e-104	3300012889_21
PUL0347	5.63e-50	3300012889_21
PUL0375	1.12e-55	3300012889_21
PUL0519	1.83e-302	3300012889_21
PUL0527	2.4e-50	3300012889_21
PUL00980	6.35e-24	3300012889_21
PUL01060	2.58e-205	3300012889_21
PUL03357	7.31e-107	3300012889_21
PUL03412	1.45e-213	3300012889_21
PUL03415	1.04e-104	3300012889_21
PUL04066	5.8e-220	3300012889_21
PUL04133	1.46e-55	3300012889_21
PUL04134	3.02e-42	3300012889_21
PUL05212	0.000306	3300012889_21
PUL0001	1.29e-212	3300014558_5
PUL0019	1.1e-126	3300014558_5
PUL0025	1.17e-132	3300014558_5
PUL0025	6.81e-131	3300014558_5
PUL0058	3.43e-205	3300014558_5
PUL0058	5.59e-147	3300014558_5
PUL0058	7.17e-201	3300014558_5
PUL0069	0.000479	3300014558_5
PUL0101	3.86e-134	3300014558_5
PUL0106	3.78e-146	3300014558_5
PUL0213	2.66e-194	3300014558_5
PUL0217	3.48e-19	3300014558_5
PUL0225	8.72e-166	3300014558_5
PUL0227	1.03e-65	3300014558_5
PUL0254	5.06e-162	3300014558_5
PUL00290	1.66e-43	3300014558_5
PUL00294	1.8e-152	3300014558_5
PUL0335	5.9e-110	3300014558_5
PUL0347	2.89e-18	3300014558_5
PUL0368	7.16e-226	3300014558_5
PUL0394	1.68e-147	3300014558_5
PUL0396	2.07e-56	3300014558_5
PUL0485	1.42e-56	3300014558_5
PUL0519	2.02e-291	3300014558_5
PUL01060	1.65e-196	3300014558_5
PUL01212	8.5e-07	3300014558_5
PUL01248	5.97e-85	3300014558_5
PUL01346	3.61e-111	3300014558_5
PUL01622	4.3e-176	3300014558_5
PUL03355	3.73e-159	3300014558_5
PUL04062	4.03e-09	3300014558_5
PUL04066	7.11e-216	3300014558_5
PUL04132	2.45e-159	3300014558_5
PUL04605	1.05e-56	3300014558_5
PUL04922	3.68e-35	3300014558_5
PUL05841	7.32e-147	3300014558_5
PUL0001	9.53e-167	3300021310_15
PUL00014	2.36e-161	3300021310_15
PUL0017	3.21e-230	3300021310_15
PUL0058	4.26e-142	3300021310_15
PUL0058	9.6e-179	3300021310_15
PUL0083	4.24e-214	3300021310_15
PUL0124	1.45e-224	3300021310_15
PUL0180	4.34e-86	3300021310_15
PUL0180	9.86e-136	3300021310_15
PUL0333	2.69e-132	3300021310_15
PUL0333	5.77e-93	3300021310_15
PUL0340	1.58000000002198e-313	3300021310_15
PUL0368	2.98e-265	3300021310_15
PUL0502	4.03e-186	3300021310_15
PUL0577	9.48e-171	3300021310_15
PUL01060	9.88e-214	3300021310_15
PUL01615	6.41e-35	3300021310_15
PUL04132	8.56e-165	3300021310_15
PUL0001	9.53e-167	3300021319_17
PUL0003	7.74e-112	3300021319_17
PUL0017	3.21e-230	3300021319_17
PUL0058	9.6e-179	3300021319_17
PUL0083	4.24e-214	3300021319_17
PUL0180	4.34e-86	3300021319_17
PUL0180	9.86e-136	3300021319_17
PUL0333	2.69e-132	3300021319_17
PUL0333	5.77e-93	3300021319_17
PUL0340	2.66999999999743e-313	3300021319_17
PUL0368	2.98e-265	3300021319_17
PUL0502	4.03e-186	3300021319_17
PUL0577	9.48e-171	3300021319_17
PUL01060	3.7e-213	3300021319_17
PUL04132	8.56e-165	3300021319_17
PUL0014	1.7e-10	3300021400_59
PUL0017	8.39e-165	3300021400_59
PUL0017	9.04e-191	3300021400_59
PUL0019	1.41e-127	3300021400_59
PUL0027	1.09e-82	3300021400_59
PUL0029	4.4e-58	3300021400_59
PUL0040	2.04e-157	3300021400_59
PUL0049	5.87e-12	3300021400_59
PUL0058	2.35e-194	3300021400_59
PUL0058	3.34e-207	3300021400_59
PUL0083	1.43e-137	3300021400_59
PUL0083	7.62e-194	3300021400_59
PUL0084	6.69e-42	3300021400_59
PUL0085	1.47e-86	3300021400_59
PUL0085	1.86e-47	3300021400_59
PUL0086	1.92e-77	3300021400_59
PUL0099	1.66e-245	3300021400_59
PUL0106	1.1e-146	3300021400_59
PUL0121	3.41e-09	3300021400_59
PUL0124	1.43e-210	3300021400_59
PUL0124	1.54e-224	3300021400_59
PUL00132	2.51e-31	3300021400_59
PUL0212	1.34e-160	3300021400_59
PUL0230	2.4e-46	3300021400_59
PUL0267	6.25e-63	3300021400_59
PUL0333	1.19e-134	3300021400_59
PUL0333	4.69e-125	3300021400_59
PUL0375	9.52e-47	3300021400_59
PUL0441	2.02e-08	3300021400_59
PUL00447	8.46e-195	3300021400_59
PUL0454	2.47e-29	3300021400_59
PUL0494	3.87e-187	3300021400_59
PUL0564	3.23e-116	3300021400_59
PUL0577	4.53e-171	3300021400_59
PUL0598	7.26e-234	3300021400_59
PUL00942	2.79e-71	3300021400_59
PUL01060	2.03e-168	3300021400_59
PUL01060	7.61e-116	3300021400_59
PUL01085	1.52e-08	3300021400_59
PUL01610	2.88e-48	3300021400_59
PUL03000	5.53e-126	3300021400_59
PUL03226	4.1e-125	3300021400_59
PUL03298	1.18e-42	3300021400_59
PUL03412	4.98e-198	3300021400_59
PUL03851	6.44e-36	3300021400_59
PUL03904	1.68e-28	3300021400_59
PUL04062	3.98e-08	3300021400_59
PUL04062	7.35e-27	3300021400_59
PUL04066	1.27e-158	3300021400_59
PUL04132	4.32e-165	3300021400_59
PUL04353	2.12e-07	3300021400_59
PUL04934	1.63e-24	3300021400_59
PUL05601	1.18e-07	3300021400_59
PUL0001	8.12e-55	3300029040_7
PUL00014	2.17e-154	3300029040_7
PUL0017	1.01e-184	3300029040_7
PUL0017	1.38e-229	3300029040_7
PUL0017	7.14e-203	3300029040_7
PUL0019	2.11e-147	3300029040_7
PUL0024	1.59e-187	3300029040_7
PUL0025	2.67e-128	3300029040_7
PUL0029	4.01e-179	3300029040_7
PUL0049	1.45e-165	3300029040_7
PUL0058	2.03e-194	3300029040_7
PUL0058	3.43e-216	3300029040_7
PUL0101	3.93e-70	3300029040_7
PUL0121	3.32e-108	3300029040_7
PUL0124	6.64e-223	3300029040_7
PUL00130	1.34e-207	3300029040_7
PUL0180	1.44e-48	3300029040_7
PUL0180	1.92e-133	3300029040_7
PUL0180	3.49e-89	3300029040_7
PUL0190	1.81e-203	3300029040_7
PUL0192	1.95e-90	3300029040_7
PUL00202	1.24e-45	3300029040_7
PUL0209	4.01e-240	3300029040_7
PUL0212	1.89e-175	3300029040_7
PUL0224	9.24e-58	3300029040_7
PUL0227	3.31e-107	3300029040_7
PUL0227	7.53e-196	3300029040_7
PUL0230	1.13e-129	3300029040_7
PUL0245	5.48e-247	3300029040_7
PUL0270	5.95e-103	3300029040_7
PUL00290	6.06e-86	3300029040_7
PUL0294	2.21e-140	3300029040_7
PUL0298	6.83e-56	3300029040_7
PUL0309	1.89e-256	3300029040_7
PUL0335	3.24e-69	3300029040_7
PUL0340	2.4e-234	3300029040_7
PUL0347	9.48e-290	3300029040_7
PUL0423	2.74e-135	3300029040_7
PUL00495	1.96e-37	3300029040_7
PUL00500	2.03e-88	3300029040_7
PUL0519	8.59e-161	3300029040_7
PUL0521	5.3e-130	3300029040_7
PUL0576	1.2e-136	3300029040_7
PUL00706	1.08e-169	3300029040_7
PUL01060	6.06e-116	3300029040_7
PUL01060	7.78e-209	3300029040_7
PUL01230	2.68e-157	3300029040_7
PUL01249	1.19e-179	3300029040_7
PUL01600	1.6e-81	3300029040_7
PUL03332	8.28e-18	3300029040_7
PUL04066	6.55e-236	3300029040_7
PUL04135	1.48e-133	3300029040_7
PUL04303	3.18e-71	3300029040_7
PUL04541	5.09e-18	3300029040_7
PUL05305	2.14e-55	3300029040_7
PUL0017	1.24e-151	3300029080_10
PUL0017	2.91e-182	3300029080_10
PUL0017	7.53e-221	3300029080_10
PUL0019	3.28e-127	3300029080_10
PUL0024	1.9e-221	3300029080_10
PUL0024	2.15e-120	3300029080_10
PUL0024	2.44e-11	3300029080_10
PUL0025	1.98e-136	3300029080_10
PUL0028	2.6e-134	3300029080_10
PUL0038	2.03e-162	3300029080_10
PUL0049	4e-149	3300029080_10
PUL0049	9.66e-37	3300029080_10
PUL0058	2.02e-196	3300029080_10
PUL0058	3.92e-209	3300029080_10
PUL0101	8.43e-133	3300029080_10
PUL0103	6.35e-79	3300029080_10
PUL0121	3.85e-62	3300029080_10
PUL0124	7.41e-207	3300029080_10
PUL0180	2.11e-52	3300029080_10
PUL0180	2.51e-121	3300029080_10
PUL0217	6.65e-20	3300029080_10
PUL0225	4.54e-166	3300029080_10
PUL0230	6.55e-65	3300029080_10
PUL0230	7.62e-110	3300029080_10
PUL0256	3.39e-220	3300029080_10
PUL0320	1.49e-48	3300029080_10
PUL0328	2.47e-128	3300029080_10
PUL0333	1.66e-89	3300029080_10
PUL0335	4.91e-113	3300029080_10
PUL0337	1.39e-212	3300029080_10
PUL0337	1.99e-109	3300029080_10
PUL0454	1.34e-29	3300029080_10
PUL00500	1.71e-91	3300029080_10
PUL0503	5.23e-50	3300029080_10
PUL0527	1.71e-44	3300029080_10
PUL0527	5.44e-31	3300029080_10
PUL0572	3.86e-90	3300029080_10
PUL0576	3.01e-138	3300029080_10
PUL00947	2.11e-103	3300029080_10
PUL01060	1.03e-195	3300029080_10
PUL01080	7.92e-42	3300029080_10
PUL01081	1.73e-27	3300029080_10
PUL01131	8.46000000000075e-312	3300029080_10
PUL01212	2.19e-12	3300029080_10
PUL01248	2.66e-80	3300029080_10
PUL01249	9.04e-175	3300029080_10
PUL01330	2.34e-58	3300029080_10
PUL01622	6.13e-178	3300029080_10
PUL02251	2.8e-25	3300029080_10
PUL02400	1.54e-109	3300029080_10
PUL02670	3.72e-156	3300029080_10
PUL02941	2.64e-73	3300029080_10
PUL03412	4.27e-246	3300029080_10
PUL03680	2.25e-39	3300029080_10
PUL03904	6.12e-165	3300029080_10
PUL04066	3.79e-231	3300029080_10
PUL04066	8.44e-265	3300029080_10
PUL04132	3.06e-157	3300029080_10
PUL04135	1.87e-132	3300029080_10
PUL04930	5.4e-67	3300029080_10
PUL05078	1.62e-13	3300029080_10
PUL06026	0.000544	3300029080_10
PUL0013	9.29e-84	3300029203_16
PUL00130	1.11e-215	3300029203_16
PUL0163	1.57e-173	3300029203_16
PUL0245	6.1e-242	3300029203_16
PUL0267	2.08e-212	3300029203_16
PUL0295	3.61e-11	3300029203_16
PUL0347	2.97e-231	3300029203_16
PUL00670	2.94e-136	3300029203_16
PUL01082	3.83e-93	3300029203_16
PUL01248	3.64e-102	3300029203_16
PUL03358	1.87e-43	3300029203_16
PUL03412	1.34e-192	3300029203_16
PUL03905	3.68e-151	3300029203_16
PUL04144	7.32e-55	3300029203_16
PUL05054	1.27e-192	3300029203_16
PUL0017	3.71e-183	3300029323_6
PUL0024	3.34e-182	3300029323_6
PUL0027	1.22e-98	3300029323_6
PUL0028	8.88e-135	3300029323_6
PUL0038	7.53e-162	3300029323_6
PUL0058	2.74e-146	3300029323_6
PUL0058	6.09e-206	3300029323_6
PUL0058	9.33e-200	3300029323_6
PUL0106	2.77e-145	3300029323_6
PUL0124	2.15e-205	3300029323_6
PUL00135	1.58e-90	3300029323_6
PUL00294	2.49e-152	3300029323_6
PUL0299	9.31e-81	3300029323_6
PUL0303	1.72e-30	3300029323_6
PUL0368	1.23e-224	3300029323_6
PUL0396	1.42e-85	3300029323_6
PUL0396	1.45e-54	3300029323_6
PUL0519	4.39e-290	3300029323_6
PUL0599	1.54e-133	3300029323_6
PUL01060	9.88e-197	3300029323_6
PUL01131	1.86999999997692e-313	3300029323_6
PUL01346	1.48e-112	3300029323_6
PUL01622	8.06e-176	3300029323_6
PUL03355	7.88e-158	3300029323_6
PUL04064	1.67e-26	3300029323_6
PUL04066	2.32e-215	3300029323_6
PUL04922	5.88e-35	3300029323_6
PUL0011	1.64e-227	3300029340_14
PUL0011	3.98e-158	3300029340_14
PUL00014	3.57e-166	3300029340_14
PUL0017	1.01e-219	3300029340_14
PUL0017	6.08e-161	3300029340_14
PUL0024	3.79e-15	3300029340_14
PUL0024	4.45e-214	3300029340_14
PUL0040	2.35e-181	3300029340_14
PUL0049	1.29e-13	3300029340_14
PUL0085	1.92e-254	3300029340_14
PUL0086	3.47e-203	3300029340_14
PUL0124	3.55e-225	3300029340_14
PUL0124	4.06e-214	3300029340_14
PUL0168	2.62e-137	3300029340_14
PUL0180	0.000209	3300029340_14
PUL0227	7.76e-192	3300029340_14
PUL00290	1.62e-91	3300029340_14
PUL0299	8.62e-85	3300029340_14
PUL00302	2.12e-90	3300029340_14
PUL0335	5.17e-48	3300029340_14
PUL0349	1.42e-85	3300029340_14
PUL0385	5.33e-234	3300029340_14
PUL0434	1.06e-195	3300029340_14
PUL00447	6.62e-188	3300029340_14
PUL0527	3e-41	3300029340_14
PUL0598	9.47e-240	3300029340_14
PUL00832	5.37e-161	3300029340_14
PUL01212	2.08e-21	3300029340_14
PUL01249	4.88e-180	3300029340_14
PUL02300	1.26e-96	3300029340_14
PUL03358	1.89e-143	3300029340_14
PUL03412	1.21e-206	3300029340_14
PUL03419	2.27e-08	3300029340_14
PUL04066	3.32e-223	3300029340_14
PUL04829	1.37e-140	3300029340_14
PUL06020	3.91e-16	3300029340_14
PUL0017	1.96e-202	3300029373_10
PUL0017	4.1e-48	3300029373_10
PUL0019	4.71e-147	3300029373_10
PUL0024	2.15e-186	3300029373_10
PUL0049	9.77e-165	3300029373_10
PUL0058	3.67e-217	3300029373_10
PUL0124	8.53e-223	3300029373_10
PUL0180	9.21e-89	3300029373_10
PUL0189	1.78e-51	3300029373_10
PUL0209	1.92e-239	3300029373_10
PUL0214	1.26e-110	3300029373_10
PUL0224	1.26e-57	3300029373_10
PUL0227	6.37e-195	3300029373_10
PUL0245	1.78e-246	3300029373_10
PUL0309	1.65e-203	3300029373_10
PUL0337	1.93e-204	3300029373_10
PUL00495	3.04e-37	3300029373_10
PUL00706	4.2e-174	3300029373_10
PUL01249	2.25e-179	3300029373_10
PUL04062	6.71e-17	3300029373_10
PUL05174	4.97e-152	3300029373_10
PUL06002	2.57e-245	3300029373_10
PUL0003	6.6e-95	3300029379_13
PUL00013	5.02e-218	3300029379_13
PUL0017	1.15e-164	3300029379_13
PUL0025	1.28e-27	3300029379_13
PUL0025	3.08e-136	3300029379_13
PUL0025	6.02e-28	3300029379_13
PUL0067	1.36e-82	3300029379_13
PUL0085	5.38e-89	3300029379_13
PUL0085	7.44e-105	3300029379_13
PUL0086	3.4e-197	3300029379_13
PUL0099	2.08e-255	3300029379_13
PUL0106	2.3e-95	3300029379_13
PUL0124	8.58e-232	3300029379_13
PUL00137	6.84e-12	3300029379_13
PUL0180	2.44e-131	3300029379_13
PUL0214	2.08e-145	3300029379_13
PUL0230	2.26e-63	3300029379_13
PUL0245	4.8e-246	3300029379_13
PUL0256	2.38e-199	3300029379_13
PUL0300	4.55e-86	3300029379_13
PUL00302	9.67e-115	3300029379_13
PUL0337	3.54e-189	3300029379_13
PUL0434	5.86e-176	3300029379_13
PUL0598	7.02e-233	3300029379_13
PUL01082	1.96e-86	3300029379_13
PUL01216	2.36e-14	3300029379_13
PUL03004	1.36e-47	3300029379_13
PUL03355	6.9e-160	3300029379_13
PUL03457	1.3e-10	3300029379_13
PUL04062	4.09e-26	3300029379_13
PUL04062	9.04e-30	3300029379_13
PUL04064	1.37e-08	3300029379_13
PUL04064	2.1e-28	3300029379_13
PUL04064	6.42e-191	3300029379_13
PUL04066	2.74e-156	3300029379_13
PUL04142	7.48e-08	3300029379_13
PUL05304	6.31e-33	3300029379_13
PUL0003	1.24e-94	3300029384_13
PUL00013	5.19e-218	3300029384_13
PUL0017	1.26e-164	3300029384_13
PUL0025	1.54e-27	3300029384_13
PUL0025	4.46e-28	3300029384_13
PUL0029	2.05e-199	3300029384_13
PUL0085	3.23e-89	3300029384_13
PUL0085	8.41e-105	3300029384_13
PUL0086	2.04e-166	3300029384_13
PUL0086	2.23e-197	3300029384_13
PUL0099	3.89e-255	3300029384_13
PUL0106	2.71e-95	3300029384_13
PUL0121	5.94e-104	3300029384_13
PUL0124	8.4e-232	3300029384_13
PUL0214	2.09e-145	3300029384_13
PUL0245	4.77e-246	3300029384_13
PUL0256	2.38e-199	3300029384_13
PUL0337	3.54e-189	3300029384_13
PUL0434	4.25e-176	3300029384_13
PUL00475	3.77e-64	3300029384_13
PUL0598	1.1e-232	3300029384_13
PUL01082	7.33e-87	3300029384_13
PUL01216	5.94e-14	3300029384_13
PUL03004	1.39e-47	3300029384_13
PUL04062	1.4e-29	3300029384_13
PUL04062	8.25e-30	3300029384_13
PUL04064	1.87e-62	3300029384_13
PUL04064	2.08e-28	3300029384_13
PUL04064	6.88e-191	3300029384_13
PUL04066	7.61e-157	3300029384_13
PUL04940	8.49e-14	3300029384_13
PUL05304	6.29e-33	3300029384_13
PUL05609	1.43e-107	3300029384_13
PUL0003	6.6e-95	3300029385_12
PUL00013	4.95e-218	3300029385_12
PUL0017	1.27e-164	3300029385_12
PUL0025	1.15e-28	3300029385_12
PUL0025	1.5e-136	3300029385_12
PUL0025	6.64e-28	3300029385_12
PUL0058	1.27e-115	3300029385_12
PUL0085	3.33e-89	3300029385_12
PUL0085	8.15e-105	3300029385_12
PUL0086	1.62e-197	3300029385_12
PUL0099	1.39e-255	3300029385_12
PUL0106	2.31e-95	3300029385_12
PUL0124	8.32e-232	3300029385_12
PUL00137	9.92e-12	3300029385_12
PUL0180	2.24e-131	3300029385_12
PUL0214	2.21e-145	3300029385_12
PUL0216	2.94e-62	3300029385_12
PUL0245	4.65e-246	3300029385_12
PUL0256	5.72e-199	3300029385_12
PUL0333	1.25e-138	3300029385_12
PUL0434	5.72e-176	3300029385_12
PUL0598	8.5e-233	3300029385_12
PUL01082	2.08e-86	3300029385_12
PUL01216	5.03e-14	3300029385_12
PUL03004	1.36e-47	3300029385_12
PUL03410	8.26e-14	3300029385_12
PUL03440	4.59e-12	3300029385_12
PUL04062	4.75e-25	3300029385_12
PUL04062	8.27e-30	3300029385_12
PUL04064	2.91e-62	3300029385_12
PUL04064	6.38e-191	3300029385_12
PUL04066	7.91e-157	3300029385_12
PUL05304	6.3e-33	3300029385_12
PUL0017	1.71e-202	3300029419_11
PUL0017	3.14e-33	3300029419_11
PUL0019	4.71e-147	3300029419_11
PUL0024	1.86e-186	3300029419_11
PUL0025	9.14e-181	3300029419_11
PUL0029	1.04e-09	3300029419_11
PUL0029	3.29e-179	3300029419_11
PUL0049	9.94e-165	3300029419_11
PUL0058	1.15e-217	3300029419_11
PUL0124	6.08e-223	3300029419_11
PUL00130	5.76e-207	3300029419_11
PUL0180	9.21e-89	3300029419_11
PUL0209	2.91e-239	3300029419_11
PUL0224	1.17e-57	3300029419_11
PUL0227	4.81e-107	3300029419_11
PUL0227	5.21e-195	3300029419_11
PUL0245	4.98e-247	3300029419_11
PUL0309	1.61e-203	3300029419_11
PUL0337	1.93e-204	3300029419_11
PUL0340	5.84e-234	3300029419_11
PUL0347	2.37e-288	3300029419_11
PUL0423	3.1e-134	3300029419_11
PUL00495	3.02e-37	3300029419_11
PUL00500	2.81e-88	3300029419_11
PUL0519	1.51e-160	3300029419_11
PUL0584	2.5e-138	3300029419_11
PUL01080	5.67e-27	3300029419_11
PUL01210	3.63e-64	3300029419_11
PUL01249	1.97e-179	3300029419_11
PUL01615	1.1e-05	3300029419_11
PUL04062	2.87e-17	3300029419_11
PUL05174	8.72e-152	3300029419_11
PUL06002	2.23e-245	3300029419_11
PUL0017	6.78e-182	3300029510_10
PUL0017	9.52e-229	3300029510_10
PUL0024	1.05e-215	3300029510_10
PUL0024	7.56e-59	3300029510_10
PUL0025	1.78e-136	3300029510_10
PUL0028	4.89e-135	3300029510_10
PUL0029	1.73e-178	3300029510_10
PUL0058	3.48e-149	3300029510_10
PUL0058	3.67e-203	3300029510_10
PUL0106	6.48e-147	3300029510_10
PUL0108	2.06e-39	3300029510_10
PUL0143	1.81e-138	3300029510_10
PUL0172	2.43e-89	3300029510_10
PUL0213	4.84e-191	3300029510_10
PUL0299	7.88e-82	3300029510_10
PUL0324	7.8e-08	3300029510_10
PUL0340	5.94e-112	3300029510_10
PUL0370	6.61e-170	3300029510_10
PUL0488	6.2e-14	3300029510_10
PUL0519	3.26e-292	3300029510_10
PUL0576	1.58e-213	3300029510_10
PUL01060	4.74e-193	3300029510_10
PUL01131	1.09e-167	3300029510_10
PUL01249	5.59e-174	3300029510_10
PUL02400	2.04e-108	3300029510_10
PUL03390	1.14e-158	3300029510_10
PUL04062	2.05e-32	3300029510_10
PUL04066	2.28e-209	3300029510_10
PUL04132	2.36e-157	3300029510_10
PUL04135	8.43e-133	3300029510_10
PUL04600	1.72e-30	3300029510_10
PUL04600	6.07e-32	3300029510_10
PUL05304	2.73e-28	3300029510_10
PUL0015	1.35e-167	3300029621_11
PUL0017	7.42e-230	3300029621_11
PUL0024	2.71e-277	3300029621_11
PUL0024	2.79e-89	3300029621_11
PUL0025	1.35e-164	3300029621_11
PUL0025	1.99e-110	3300029621_11
PUL0025	3.71e-112	3300029621_11
PUL0049	1.16e-158	3300029621_11
PUL0049	1.83e-27	3300029621_11
PUL0121	1.4e-67	3300029621_11
PUL0121	2.05e-70	3300029621_11
PUL0121	4.12e-110	3300029621_11
PUL0124	6.48e-219	3300029621_11
PUL0124	7.92e-214	3300029621_11
PUL00137	2.96e-07	3300029621_11
PUL0227	1.37e-71	3300029621_11
PUL0230	7.53e-70	3300029621_11
PUL0237	1.36e-39	3300029621_11
PUL0254	1.13e-212	3300029621_11
PUL0267	7.16e-186	3300029621_11
PUL0298	9.18e-39	3300029621_11
PUL0302	2.24e-176	3300029621_11
PUL0337	6.61e-207	3300029621_11
PUL0347	6.62e-225	3300029621_11
PUL0519	9.41e-291	3300029621_11
PUL0576	2.1e-215	3300029621_11
PUL01060	4.65e-215	3300029621_11
PUL01210	3.41e-72	3300029621_11
PUL01249	1.64e-172	3300029621_11
PUL02542	1.01e-72	3300029621_11
PUL03351	2.98e-126	3300029621_11
PUL03358	5.02e-144	3300029621_11
PUL03401	8.14e-40	3300029621_11
PUL03403	4.44e-35	3300029621_11
PUL03412	1.22e-189	3300029621_11
PUL03457	1.94e-75	3300029621_11
PUL03680	8.74e-90	3300029621_11
PUL04060	5.07e-57	3300029621_11
PUL04062	1.76e-09	3300029621_11
PUL04064	1.83e-18	3300029621_11
PUL04064	9.04e-23	3300029621_11
PUL04064	9.66e-27	3300029621_11
PUL04066	1.06e-209	3300029621_11
PUL04132	5.19e-169	3300029621_11
PUL04135	6.91e-123	3300029621_11
PUL06002	1.19e-193	3300029621_11
PUL0017	3.08e-182	3300029671_15
PUL0017	9.36e-151	3300029671_15
PUL0024	1.76e-83	3300029671_15
PUL0024	4.64e-221	3300029671_15
PUL0049	2.3e-149	3300029671_15
PUL0058	2.81e-197	3300029671_15
PUL0123	2.92e-23	3300029671_15
PUL0124	1.03e-206	3300029671_15
PUL0333	5.9e-89	3300029671_15
PUL0392	6.57e-128	3300029671_15
PUL0394	2.57e-215	3300029671_15
PUL0494	3.44e-199	3300029671_15
PUL0576	9.48e-211	3300029671_15
PUL0599	3.57e-132	3300029671_15
PUL01248	1.06e-79	3300029671_15
PUL01249	9.33e-174	3300029671_15
PUL01622	6.49e-178	3300029671_15
PUL02670	5.13e-153	3300029671_15
PUL03412	1.78e-245	3300029671_15
PUL04066	1.73e-214	3300029671_15
PUL04132	6.92e-158	3300029671_15
PUL0011	2.38e-214	3300029875_13
PUL00014	2.29e-162	3300029875_13
PUL0025	1.38e-188	3300029875_13
PUL0025	1.94e-24	3300029875_13
PUL0025	2.38e-116	3300029875_13
PUL0025	2.73e-27	3300029875_13
PUL0025	2.8e-190	3300029875_13
PUL0025	5.46e-126	3300029875_13
PUL0058	1.6e-211	3300029875_13
PUL0058	2.76e-180	3300029875_13
PUL0067	1.98e-30	3300029875_13
PUL0067	6.02e-41	3300029875_13
PUL0085	3e-89	3300029875_13
PUL0085	4.85e-291	3300029875_13
PUL0094	1.12e-44	3300029875_13
PUL0121	5.42e-16	3300029875_13
PUL0124	3.18e-240	3300029875_13
PUL0209	2.03e-226	3300029875_13
PUL0212	5.94e-159	3300029875_13
PUL0226	2.55e-10	3300029875_13
PUL0324	1.62e-08	3300029875_13
PUL0347	2.84e-281	3300029875_13
PUL0366	2.05e-48	3300029875_13
PUL0368	8.2e-275	3300029875_13
PUL0385	1.01e-267	3300029875_13
PUL00447	8.23e-197	3300029875_13
PUL0468	6.72e-08	3300029875_13
PUL0473	2.57e-08	3300029875_13
PUL0598	6.07e-246	3300029875_13
PUL01080	2.83e-32	3300029875_13
PUL01610	1.01e-80	3300029875_13
PUL03363	3.89e-08	3300029875_13
PUL03404	5.72e-18	3300029875_13
PUL03419	2.09e-65	3300029875_13
PUL03680	3.83e-35	3300029875_13
PUL03851	9.32e-182	3300029875_13
PUL04062	2.58e-93	3300029875_13
PUL04064	1.08e-24	3300029875_13
PUL04064	1.1e-120	3300029875_13
PUL05296	7.82e-14	3300029875_13
