PUL0094	3.9e-104	3300006464_8
PUL0166	4.93999999999943e-312	3300006464_8
PUL0180	2.61e-70	3300006464_8
PUL0236	2.81e-104	3300006464_8
PUL0332	7.37e-196	3300006464_8
PUL0485	9.24e-256	3300006464_8
PUL00947	6.01e-136	3300006464_8
PUL01053	2.76e-75	3300006464_8
PUL01080	1.22e-38	3300006464_8
PUL02670	1.3e-306	3300006464_8
PUL03356	4.01e-85	3300006464_8
PUL03359	4.33e-54	3300006464_8
PUL0049	2.04e-68	3300006523_8
PUL0121	6.87e-116	3300006523_8
PUL0149	8.06e-151	3300006523_8
PUL0166	2.27000000001188e-313	3300006523_8
PUL0178	1.63e-274	3300006523_8
PUL0180	9.44e-71	3300006523_8
PUL0332	1.11e-195	3300006523_8
PUL0332	9.48e-120	3300006523_8
PUL0352	1.48e-198	3300006523_8
PUL0485	3.08e-257	3300006523_8
PUL00947	1.62e-136	3300006523_8
PUL01081	1.08e-223	3300006523_8
PUL02670	1.32e-306	3300006523_8
PUL04608	2.33e-58	3300006523_8
PUL04674	2.22e-249	3300006523_8
PUL05608	1.06e-157	3300006523_8
PUL0103	8.98999999999989e-311	3300007222_12
PUL0166	1.13e-22	3300007222_12
PUL0166	2.27000000001188e-313	3300007222_12
PUL0178	2.23e-274	3300007222_12
PUL0180	6e-71	3300007222_12
PUL0332	2.79e-120	3300007222_12
PUL0357	2e-226	3300007222_12
PUL0485	4.19e-258	3300007222_12
PUL0584	1.11e-115	3300007222_12
PUL00941	3.84e-259	3300007222_12
PUL00947	3.04e-136	3300007222_12
PUL01065	7.38e-164	3300007222_12
PUL01455	6.61e-57	3300007222_12
PUL02670	7.69e-307	3300007222_12
PUL04796	3.91e-217	3300007222_12
PUL04796	6.31e-201	3300007222_12
PUL05020	2.85e-203	3300007222_12
PUL05608	2.84e-155	3300007222_12
PUL0017	1.7e-192	3300007298_11
PUL0049	2.02e-68	3300007298_11
PUL0049	5.92e-220	3300007298_11
PUL0103	6.98999999999999e-311	3300007298_11
PUL0152	1.24e-17	3300007298_11
PUL0166	8.12000000002291e-313	3300007298_11
PUL0178	1.28e-274	3300007298_11
PUL0180	9.45e-71	3300007298_11
PUL0236	1.04e-104	3300007298_11
PUL00290	1.1e-40	3300007298_11
PUL0299	1.58e-78	3300007298_11
PUL0341	3.36e-10	3300007298_11
PUL0485	3.58e-257	3300007298_11
PUL00504	1.41e-05	3300007298_11
PUL0527	4e-149	3300007298_11
PUL0534	2.57e-12	3300007298_11
PUL00947	2.56e-136	3300007298_11
PUL01065	1.03e-164	3300007298_11
PUL01087	2.14e-173	3300007298_11
PUL01455	1.3e-192	3300007298_11
PUL01800	2.87e-48	3300007298_11
PUL02396	4.33e-180	3300007298_11
PUL02554	6.33e-114	3300007298_11
PUL02670	1.62e-307	3300007298_11
PUL03004	3.96e-77	3300007298_11
PUL03330	9.12e-70	3300007298_11
PUL03350	5.61e-219	3300007298_11
PUL03390	5.83e-207	3300007298_11
PUL05132	2.96e-191	3300007298_11
PUL05178	3.97e-143	3300007298_11
PUL0103	7.12000000000963e-313	3300007498_10
PUL0121	2.98e-110	3300007498_10
PUL0145	6.01e-118	3300007498_10
PUL0166	2.85e-307	3300007498_10
PUL0178	5.31e-266	3300007498_10
PUL0335	1.57e-301	3300007498_10
PUL0337	1.37e-150	3300007498_10
PUL0356	7.78e-66	3300007498_10
PUL0382	7.64e-246	3300007498_10
PUL0392	3.67e-253	3300007498_10
PUL0425	9.01e-167	3300007498_10
PUL0467	3.59e-103	3300007498_10
PUL0485	6.14e-254	3300007498_10
PUL01083	1.04e-281	3300007498_10
PUL01085	1.14e-70	3300007498_10
PUL01249	1.41e-161	3300007498_10
PUL01454	7.04e-156	3300007498_10
PUL01455	2.01e-226	3300007498_10
PUL02670	9.5e-301	3300007498_10
PUL03357	2.74e-206	3300007498_10
PUL04066	1.14e-178	3300007498_10
PUL05841	8.99e-168	3300007498_10
PUL0103	1.15000000000001e-310	3300007705_5
PUL0121	3.73e-114	3300007705_5
PUL0166	2.14999999999645e-313	3300007705_5
PUL0236	8.47e-105	3300007705_5
PUL0267	5.72e-225	3300007705_5
PUL0337	1.21e-236	3300007705_5
PUL0417	3.6e-266	3300007705_5
PUL0485	2.82e-256	3300007705_5
PUL00947	2.6e-136	3300007705_5
PUL02670	1.42e-305	3300007705_5
PUL04687	1.09e-279	3300007705_5
PUL0063	1.35e-158	3300007806_6
PUL0115	5.86e-283	3300007806_6
PUL0121	2.13e-115	3300007806_6
PUL0166	2.63000000000876e-313	3300007806_6
PUL0178	1.4e-274	3300007806_6
PUL0236	1.25e-104	3300007806_6
PUL0485	1.08e-256	3300007806_6
PUL00947	2.03e-136	3300007806_6
PUL01087	2.34e-173	3300007806_6
PUL01212	1.14e-162	3300007806_6
PUL0049	1.64e-218	3300007921_6
PUL0103	1.47000000000002e-310	3300007921_6
PUL0152	4.25e-17	3300007921_6
PUL0166	9.88000000001863e-313	3300007921_6
PUL0178	1.47e-274	3300007921_6
PUL0180	1.4e-70	3300007921_6
PUL0357	8.32e-226	3300007921_6
PUL0485	1.2e-256	3300007921_6
PUL00947	2.67e-136	3300007921_6
PUL01065	2.95e-164	3300007921_6
PUL02556	1.22e-116	3300007921_6
PUL03330	9.29e-70	3300007921_6
PUL05592	4.47e-23	3300007921_6
PUL0152	1.24e-17	3300008060_5
PUL0166	9.5499999999762e-313	3300008060_5
PUL0180	9.47e-71	3300008060_5
PUL0337	2.62e-180	3300008060_5
PUL00451	2.53e-175	3300008060_5
PUL0485	8e-257	3300008060_5
PUL00941	5.22e-259	3300008060_5
PUL00947	3.19e-136	3300008060_5
PUL01065	7.5e-165	3300008060_5
PUL01101	1.38e-42	3300008060_5
PUL02554	6.13e-114	3300008060_5
PUL03350	5.12e-219	3300008060_5
PUL03356	7.98e-85	3300008060_5
PUL0049	2.05e-68	3300008101_9
PUL0152	1.24e-17	3300008101_9
PUL0166	5.44999999997607e-313	3300008101_9
PUL0180	9.46e-71	3300008101_9
PUL0337	2.62e-180	3300008101_9
PUL00451	2.55e-175	3300008101_9
PUL0485	8e-257	3300008101_9
PUL00947	2.59e-136	3300008101_9
PUL01065	7.51e-165	3300008101_9
PUL01101	1.04e-42	3300008101_9
PUL01807	9.8e-201	3300008101_9
PUL02554	1.13e-113	3300008101_9
PUL03330	9.17e-70	3300008101_9
PUL03350	5.12e-219	3300008101_9
PUL03356	7.93e-85	3300008101_9
PUL05020	7.24e-203	3300008101_9
PUL0063	6.53e-160	3300008103_10
PUL0121	7.3e-115	3300008103_10
PUL0180	4.16e-71	3300008103_10
PUL0485	5.29e-257	3300008103_10
PUL00941	1.78e-257	3300008103_10
PUL00947	1.76e-136	3300008103_10
PUL03350	2.29e-220	3300008103_10
PUL0026	7.67e-170	3300008361_9
PUL0103	6.33999999999976e-311	3300008361_9
PUL0121	2.04e-115	3300008361_9
PUL0166	5.16000000016935e-314	3300008361_9
PUL0178	4.57e-274	3300008361_9
PUL0180	1.39e-70	3300008361_9
PUL0336	6.11e-188	3300008361_9
PUL0382	1.43e-178	3300008361_9
PUL0382	5.86e-292	3300008361_9
PUL0467	1.38e-105	3300008361_9
PUL0485	1.2e-256	3300008361_9
PUL00505	1.6e-58	3300008361_9
PUL00947	1.69e-136	3300008361_9
PUL01087	1.25e-173	3300008361_9
PUL01087	2.56e-167	3300008361_9
PUL01170	3.78e-20	3300008361_9
PUL02300	9.17e-99	3300008361_9
PUL03004	9.44e-53	3300008361_9
PUL03350	5.69e-220	3300008361_9
PUL0103	5.44000000000015e-311	3300008512_6
PUL0166	2.05999999998488e-313	3300008512_6
PUL0336	4.08e-188	3300008512_6
PUL0527	3.04e-149	3300008512_6
PUL00947	1.96e-136	3300008512_6
PUL01014	2.94e-200	3300008512_6
PUL05608	6.27e-159	3300008512_6
PUL0014	9.37e-46	3300008726_4
PUL0026	1.84e-177	3300008726_4
PUL0049	1.46e-189	3300008726_4
PUL0049	1.78e-218	3300008726_4
PUL0094	7.13e-103	3300008726_4
PUL0098	2.51e-53	3300008726_4
PUL0103	2.41999999999999e-310	3300008726_4
PUL0115	1.42e-280	3300008726_4
PUL0121	3e-116	3300008726_4
PUL0149	1.96e-152	3300008726_4
PUL0151	2.4e-17	3300008726_4
PUL0152	7.75e-18	3300008726_4
PUL0166	7.00000000024123e-314	3300008726_4
PUL0178	1.47e-274	3300008726_4
PUL0180	1.21e-70	3300008726_4
PUL0206	2.76e-147	3300008726_4
PUL0232	4.98e-25	3300008726_4
PUL0236	4.51e-105	3300008726_4
PUL00290	7.89e-41	3300008726_4
PUL0299	4.99e-79	3300008726_4
PUL0336	1.14e-168	3300008726_4
PUL0337	2.89e-154	3300008726_4
PUL0357	1.71e-226	3300008726_4
PUL0382	3.09e-256	3300008726_4
PUL0382	5.54e-291	3300008726_4
PUL0382	9.19e-155	3300008726_4
PUL0384	9.25e-34	3300008726_4
PUL0409	1.71e-57	3300008726_4
PUL0418	7.69e-31	3300008726_4
PUL0485	6.19e-257	3300008726_4
PUL0547	1.4e-49	3300008726_4
PUL0584	4.5e-116	3300008726_4
PUL00706	2.86e-09	3300008726_4
PUL00947	2.3e-136	3300008726_4
PUL01060	2.47e-198	3300008726_4
PUL01065	1.31e-163	3300008726_4
PUL01080	7.92e-21	3300008726_4
PUL01087	8.14e-174	3300008726_4
PUL01455	9.05e-219	3300008726_4
PUL01800	5.97e-48	3300008726_4
PUL02300	1.19e-98	3300008726_4
PUL02670	8.44e-307	3300008726_4
PUL02801	6.88e-16	3300008726_4
PUL03356	1.48e-84	3300008726_4
PUL03367	4.85e-39	3300008726_4
PUL04674	5.53e-248	3300008726_4
PUL04921	2.69e-77	3300008726_4
PUL05020	4.66e-203	3300008726_4
PUL05391	2.62e-217	3300008726_4
PUL05608	1.2e-156	3300008726_4
PUL0049	1.64e-61	3300008728_11
PUL0093	1.76e-46	3300008728_11
PUL0166	8.92e-307	3300008728_11
PUL0178	5.29e-266	3300008728_11
PUL0335	1.57e-301	3300008728_11
PUL0337	2.19e-150	3300008728_11
PUL0382	7.63e-246	3300008728_11
PUL0485	8.12e-254	3300008728_11
PUL01083	5.01e-282	3300008728_11
PUL01083	8.94e-228	3300008728_11
PUL01085	1.14e-70	3300008728_11
PUL01249	2.98e-161	3300008728_11
PUL01455	5.57e-226	3300008728_11
PUL04066	3.23e-178	3300008728_11
PUL04688	2.9e-10	3300008728_11
PUL05036	9.26e-139	3300008728_11
PUL0001	0.000172	3300008744_9
PUL0049	2.09e-14	3300008744_9
PUL0049	3.85e-219	3300008744_9
PUL0049	8.99e-69	3300008744_9
PUL0058	9.03e-52	3300008744_9
PUL0098	3.24e-53	3300008744_9
PUL0103	1.24000000000002e-310	3300008744_9
PUL0149	2.69e-153	3300008744_9
PUL0166	1.29000000001763e-313	3300008744_9
PUL0178	5.08e-275	3300008744_9
PUL0180	2.25e-69	3300008744_9
PUL0205	3.52e-192	3300008744_9
PUL0236	1.08e-104	3300008744_9
PUL0298	6.35e-49	3300008744_9
PUL0299	2.47e-78	3300008744_9
PUL0332	2.05e-120	3300008744_9
PUL0335	4.67e-308	3300008744_9
PUL0337	4.4e-235	3300008744_9
PUL0337	6.04e-154	3300008744_9
PUL0382	2.13e-296	3300008744_9
PUL0382	3.15e-255	3300008744_9
PUL0485	1.58e-256	3300008744_9
PUL0527	7.37e-149	3300008744_9
PUL0555	1.35999997777721e-316	3300008744_9
PUL00941	6.34e-261	3300008744_9
PUL00947	3.85e-137	3300008744_9
PUL01014	2.89e-201	3300008744_9
PUL01065	2.33e-165	3300008744_9
PUL01087	8.28e-176	3300008744_9
PUL01101	1.31e-42	3300008744_9
PUL01212	7.81e-163	3300008744_9
PUL01455	1.03e-218	3300008744_9
PUL01458	2.16e-187	3300008744_9
PUL01615	9.07e-13	3300008744_9
PUL01800	1.71e-47	3300008744_9
PUL02300	1.06e-97	3300008744_9
PUL02554	8.97e-114	3300008744_9
PUL02993	8.71e-13	3300008744_9
PUL03330	1.44e-69	3300008744_9
PUL03350	1.61e-219	3300008744_9
PUL03351	2.24e-203	3300008744_9
PUL03354	1.53e-40	3300008744_9
PUL03356	1.39e-84	3300008744_9
PUL03390	8.1e-207	3300008744_9
PUL04796	1.52e-216	3300008744_9
PUL05020	3.42e-204	3300008744_9
PUL05391	1.26e-216	3300008744_9
PUL0017	3.37e-180	3300014783_5
PUL0357	4.94e-226	3300014783_5
PUL0382	3.13e-292	3300014783_5
PUL0382	7.75e-179	3300014783_5
PUL0485	1.1e-255	3300014783_5
PUL00947	2.41e-135	3300014783_5
PUL02670	2.09e-306	3300014783_5
PUL03356	5.59e-85	3300014783_5
PUL04160	1.55e-67	3300014783_5
PUL05604	3.87e-13	3300014783_5
PUL0017	1.01e-192	3300014824_11
PUL0026	1.56e-171	3300014824_11
PUL0049	1.33e-189	3300014824_11
PUL0049	1.39e-219	3300014824_11
PUL0103	1.09999999999999e-310	3300014824_11
PUL0108	4.64e-81	3300014824_11
PUL0166	3.08999999990321e-314	3300014824_11
PUL0178	1.92e-274	3300014824_11
PUL0261	1.05e-81	3300014824_11
PUL0336	2.64e-188	3300014824_11
PUL0382	7.86e-291	3300014824_11
PUL0410	1.5e-31	3300014824_11
PUL0417	1.46e-268	3300014824_11
PUL0424	2.27e-26	3300014824_11
PUL0443	1.6e-127	3300014824_11
PUL0467	2.25e-253	3300014824_11
PUL0485	1.93e-257	3300014824_11
PUL0498	3.76e-39	3300014824_11
PUL00941	1.05e-257	3300014824_11
PUL00947	1.23e-136	3300014824_11
PUL01087	3.07e-167	3300014824_11
PUL01455	4.53e-217	3300014824_11
PUL02670	3.56e-306	3300014824_11
PUL03351	8.19e-203	3300014824_11
PUL04796	7.25e-218	3300014824_11
PUL04966	1.31e-101	3300014824_11
PUL05020	6.92e-223	3300014824_11
PUL05073	2.91e-18	3300014824_11
PUL05391	1.11e-216	3300014824_11
PUL0049	1.98e-188	3300014946_5
PUL0103	3.05000000000001e-311	3300014946_5
PUL0106	8.79e-211	3300014946_5
PUL0121	3.15e-115	3300014946_5
PUL0152	6.92e-18	3300014946_5
PUL0225	8.89e-134	3300014946_5
PUL0254	6.44e-217	3300014946_5
PUL0332	1.16e-195	3300014946_5
PUL0345	2.24e-156	3300014946_5
PUL0424	3.53e-16	3300014946_5
PUL0485	4.42e-257	3300014946_5
PUL0521	6.98e-197	3300014946_5
PUL0527	2.94e-296	3300014946_5
PUL0527	4.66e-149	3300014946_5
PUL00941	5.81e-259	3300014946_5
PUL00947	1.44e-136	3300014946_5
PUL01053	7.47e-75	3300014946_5
PUL01212	4.56e-163	3300014946_5
PUL01455	4.19e-193	3300014946_5
PUL01610	2.74e-81	3300014946_5
PUL02670	8.82e-307	3300014946_5
PUL03390	2.75e-206	3300014946_5
PUL04687	1.86e-279	3300014946_5
PUL04796	9.84e-201	3300014946_5
PUL05391	1.34e-215	3300014946_5
PUL0017	2.51e-191	3300029030_2
PUL0049	1.78e-41	3300029030_2
PUL0049	8.28e-68	3300029030_2
PUL0094	3.42e-103	3300029030_2
PUL0115	1.34e-283	3300029030_2
PUL0121	1.9e-85	3300029030_2
PUL0121	4.04e-08	3300029030_2
PUL0149	2.18e-152	3300029030_2
PUL0166	1.060000000021e-313	3300029030_2
PUL0178	9.58e-275	3300029030_2
PUL0180	2.1e-71	3300029030_2
PUL0236	1.13e-104	3300029030_2
PUL0245	4.75e-268	3300029030_2
PUL0267	3.13e-225	3300029030_2
PUL0336	2.63e-188	3300029030_2
PUL0345	9.07e-162	3300029030_2
PUL0352	3.85e-198	3300029030_2
PUL0382	2.76e-291	3300029030_2
PUL0424	9.48e-20	3300029030_2
PUL0463	4.75e-230	3300029030_2
PUL0485	4.68e-257	3300029030_2
PUL00500	3.9e-132	3300029030_2
PUL0506	5.09e-146	3300029030_2
PUL0516	1.85e-39	3300029030_2
PUL0574	4.11e-40	3300029030_2
PUL00947	8.84e-137	3300029030_2
PUL01080	9.49e-39	3300029030_2
PUL01091	7.93e-28	3300029030_2
PUL02396	6.85e-180	3300029030_2
PUL03004	1.19e-52	3300029030_2
PUL03342	3.48e-38	3300029030_2
PUL03350	1.77e-220	3300029030_2
PUL03390	5.03e-209	3300029030_2
PUL04688	1.51e-24	3300029030_2
PUL05020	1.11e-203	3300029030_2
PUL05391	1.89e-216	3300029030_2
PUL05592	9.4e-23	3300029030_2
PUL0017	3.11e-192	3300029045_6
PUL0026	3.18e-172	3300029045_6
PUL0115	4.27e-283	3300029045_6
PUL0149	1.69e-09	3300029045_6
PUL0149	2.43e-152	3300029045_6
PUL0166	8.53999999978047e-314	3300029045_6
PUL0178	1.18e-274	3300029045_6
PUL0180	2.94e-71	3300029045_6
PUL0212	1.39e-96	3300029045_6
PUL0226	1.32e-10	3300029045_6
PUL0234	5.68e-19	3300029045_6
PUL0236	1.32e-104	3300029045_6
PUL0267	2.06e-225	3300029045_6
PUL0300	1.89e-07	3300029045_6
PUL0336	2.63e-188	3300029045_6
PUL0356	5.34e-26	3300029045_6
PUL0357	9.1e-227	3300029045_6
PUL0382	2.48e-292	3300029045_6
PUL0382	3e-256	3300029045_6
PUL0406	2.5e-10	3300029045_6
PUL0444	6.51e-54	3300029045_6
PUL0463	1.63e-103	3300029045_6
PUL0463	6.47e-228	3300029045_6
PUL0485	2.82e-257	3300029045_6
PUL00936	8.78e-14	3300029045_6
PUL00941	1.57e-257	3300029045_6
PUL00947	2.01e-136	3300029045_6
PUL01060	6.82e-153	3300029045_6
PUL01081	1.3e-223	3300029045_6
PUL01087	1.54e-173	3300029045_6
PUL01087	2.12e-167	3300029045_6
PUL01455	1.89e-192	3300029045_6
PUL01610	6.13e-82	3300029045_6
PUL02184	1.09e-20	3300029045_6
PUL02184	8.3e-05	3300029045_6
PUL02300	9.54e-99	3300029045_6
PUL02396	4.29e-179	3300029045_6
PUL02568	4.1e-166	3300029045_6
PUL02670	1.62e-306	3300029045_6
PUL03342	1.88e-40	3300029045_6
PUL03344	6.33e-24	3300029045_6
PUL03356	1.44e-85	3300029045_6
PUL03390	4.12e-207	3300029045_6
PUL03473	1.99e-26	3300029045_6
PUL04601	4.16e-53	3300029045_6
PUL04608	6.31e-141	3300029045_6
PUL04688	9.07e-33	3300029045_6
PUL04796	2.1e-200	3300029045_6
PUL04884	2.1e-205	3300029045_6
PUL05020	3.39e-223	3300029045_6
PUL05020	3.45e-204	3300029045_6
PUL05020	7.3e-211	3300029045_6
PUL05132	2.45e-192	3300029045_6
PUL05391	1.8e-216	3300029045_6
PUL05600	8.48e-11	3300029045_6
PUL05608	1.97e-156	3300029045_6
PUL0017	1.89e-192	3300029055_6
PUL0121	5.58e-08	3300029055_6
PUL0166	8.92999999997884e-313	3300029055_6
PUL0180	1.4e-70	3300029055_6
PUL0267	3.95e-225	3300029055_6
PUL0332	3.04e-120	3300029055_6
PUL0336	3.57e-188	3300029055_6
PUL0406	1.02e-61	3300029055_6
PUL0410	1.71e-37	3300029055_6
PUL0485	1.04e-256	3300029055_6
PUL0547	2.08e-109	3300029055_6
PUL00573	3.56e-93	3300029055_6
PUL01065	5.77e-163	3300029055_6
PUL01087	1.01e-173	3300029055_6
PUL01170	3.59e-20	3300029055_6
PUL01615	3e-10	3300029055_6
PUL02181	3.6e-192	3300029055_6
PUL02181	5.63e-26	3300029055_6
PUL03004	1.99e-52	3300029055_6
PUL03342	2.18e-36	3300029055_6
PUL03367	4.81e-39	3300029055_6
PUL04688	4.57e-15	3300029055_6
PUL05020	1.9e-202	3300029055_6
PUL05302	1.19e-52	3300029055_6
PUL0166	7.44000000001783e-313	3300029060_6
PUL0332	2.49e-120	3300029060_6
PUL0424	1.41e-15	3300029060_6
PUL00947	1.65e-136	3300029060_6
PUL01807	3.55e-200	3300029060_6
PUL04687	7.18e-280	3300029060_6
PUL05608	4.63e-157	3300029060_6
PUL0017	3.41e-192	3300029102_5
PUL0027	1.69e-74	3300029102_5
PUL0103	5.93000000000024e-311	3300029102_5
PUL0121	3.21e-115	3300029102_5
PUL0149	2.86e-153	3300029102_5
PUL0166	4.72000000000244e-312	3300029102_5
PUL0178	7.02e-275	3300029102_5
PUL0180	2.72e-71	3300029102_5
PUL0236	1.36e-104	3300029102_5
PUL0336	5.8e-188	3300029102_5
PUL0357	1.88e-226	3300029102_5
PUL0424	4.58e-50	3300029102_5
PUL0424	5.35e-25	3300029102_5
PUL0456	4.29e-06	3300029102_5
PUL0463	1.91e-228	3300029102_5
PUL0485	2.51e-257	3300029102_5
PUL0506	2.4e-146	3300029102_5
PUL0525	7.75e-89	3300029102_5
PUL00941	5.81e-259	3300029102_5
PUL00947	1.66e-136	3300029102_5
PUL03351	2.49e-204	3300029102_5
PUL03356	6.37e-85	3300029102_5
PUL04160	2.5e-68	3300029102_5
PUL04688	7.12e-27	3300029102_5
PUL04921	4.29e-122	3300029102_5
PUL05020	1.14e-203	3300029102_5
PUL05391	1.67e-216	3300029102_5
PUL05604	5.12e-13	3300029102_5
PUL05608	8.38e-159	3300029102_5
PUL0049	5.66e-189	3300029136_10
PUL0166	2.27000000001188e-313	3300029136_10
PUL0260	1.92e-74	3300029136_10
PUL0382	2.58e-291	3300029136_10
PUL0485	7.82e-257	3300029136_10
PUL00947	1.78e-136	3300029136_10
PUL01454	8.72e-07	3300029136_10
PUL02670	5.65e-306	3300029136_10
PUL03350	6.54e-220	3300029136_10
PUL0049	1.97e-218	3300029330_10
PUL0152	7.78e-17	3300029330_10
PUL0166	8.88000000015356e-314	3300029330_10
PUL0178	4.21e-274	3300029330_10
PUL0180	2e-71	3300029330_10
PUL0357	7.94e-226	3300029330_10
PUL0382	1.74e-178	3300029330_10
PUL00941	1.29e-259	3300029330_10
PUL00947	3.61e-136	3300029330_10
PUL04796	4.56e-201	3300029330_10
PUL0149	8.91e-153	3300029417_10
PUL0152	1.33e-16	3300029417_10
PUL0166	1.17000000000221e-313	3300029417_10
PUL0178	8.12e-275	3300029417_10
PUL0256	1.03e-06	3300029417_10
PUL0337	1.46e-236	3300029417_10
PUL0485	3.22e-257	3300029417_10
PUL00941	3.1e-259	3300029417_10
PUL00947	8.55e-136	3300029417_10
PUL03350	2.17e-219	3300029417_10
PUL0017	3.13e-192	3300029490_14
PUL0049	2.18e-68	3300029490_14
PUL0108	2.61e-80	3300029490_14
PUL0166	2.08999999999862e-312	3300029490_14
PUL0180	9.62e-71	3300029490_14
PUL0267	1.61e-224	3300029490_14
PUL0485	3.97e-257	3300029490_14
PUL00941	9.26e-259	3300029490_14
PUL00947	1.06e-136	3300029490_14
PUL02670	1.58e-306	3300029490_14
PUL03330	8.03e-69	3300029490_14
PUL03350	3.38e-219	3300029490_14
PUL0121	2.14e-115	3300029552_5
PUL0166	3.01000000002468e-313	3300029552_5
PUL0178	1.74e-274	3300029552_5
PUL0332	2.26e-120	3300029552_5
PUL0485	1.53e-256	3300029552_5
PUL0525	1.07e-86	3300029552_5
PUL00947	8.81e-137	3300029552_5
PUL01085	1.84e-08	3300029552_5
PUL01170	6.28e-09	3300029552_5
PUL01930	7.54e-05	3300029552_5
PUL02181	7.77e-20	3300029552_5
PUL0166	9.99999999998465e-313	3300029557_8
PUL0178	1.26e-274	3300029557_8
PUL0180	7.83e-71	3300029557_8
PUL0260	5.9e-70	3300029557_8
PUL0357	9.02e-226	3300029557_8
PUL0485	1.2e-256	3300029557_8
PUL00947	2.78e-135	3300029557_8
PUL01610	1.61e-139	3300029557_8
PUL02556	9.58e-134	3300029557_8
PUL05020	1.67e-202	3300029557_8
PUL05600	1.76e-15	3300029557_8
PUL0017	1.85e-192	3300029580_12
PUL0166	9.650000000022e-313	3300029580_12
PUL0178	1.26e-274	3300029580_12
PUL0180	8.03e-71	3300029580_12
PUL0267	7.86e-06	3300029580_12
PUL00290	1.11e-40	3300029580_12
PUL0332	1.37e-194	3300029580_12
PUL0409	1.74e-57	3300029580_12
PUL0467	1.05e-250	3300029580_12
PUL0485	1.05e-256	3300029580_12
PUL00947	3.5e-135	3300029580_12
PUL01065	2.57e-164	3300029580_12
PUL01080	1.67e-38	3300029580_12
PUL01087	2.34e-173	3300029580_12
PUL01807	9.46e-201	3300029580_12
PUL02670	2.02e-307	3300029580_12
PUL05020	1.67e-202	3300029580_12
PUL0166	2.83000000000154e-313	3300029611_10
PUL0180	2.19e-71	3300029611_10
PUL0357	1.92e-226	3300029611_10
PUL0485	4.84e-257	3300029611_10
PUL00941	2.42e-262	3300029611_10
PUL00947	3.83e-136	3300029611_10
PUL0166	2.85000000002058e-313	3300029615_12
PUL0485	4.24e-257	3300029615_12
PUL00947	2.69e-136	3300029615_12
PUL01087	2.34e-173	3300029615_12
PUL0049	4.98e-68	3300029622_14
PUL0178	4.84e-275	3300029622_14
PUL0257	3.35e-06	3300029622_14
PUL0337	2.54e-237	3300029622_14
PUL0485	4.89e-257	3300029622_14
PUL00947	3.32e-136	3300029622_14
PUL0103	1.45e-311	3300029675_6
PUL0121	4.33e-116	3300029675_6
PUL0149	4.25e-151	3300029675_6
PUL0166	2.79000000001286e-313	3300029675_6
PUL0178	2.22e-274	3300029675_6
PUL0180	4.07e-71	3300029675_6
PUL0256	1.6e-222	3300029675_6
PUL0485	4.99e-257	3300029675_6
PUL0527	3.45e-149	3300029675_6
PUL00947	3.92e-135	3300029675_6
PUL01013	6.17e-164	3300029675_6
PUL01014	1.52e-200	3300029675_6
PUL01081	4.82e-224	3300029675_6
PUL02556	8.6e-118	3300029675_6
PUL03350	6.46e-220	3300029675_6
PUL0049	6e-219	3300029688_6
PUL0149	2.43e-152	3300029688_6
PUL0166	3.09999999998684e-313	3300029688_6
PUL0485	2.84e-257	3300029688_6
PUL00947	2.6e-136	3300029688_6
PUL0049	2.01e-68	3300029698_6
PUL0103	2.0299999999998e-311	3300029698_6
PUL0166	1.71000000002223e-313	3300029698_6
PUL0180	1.18e-70	3300029698_6
PUL0300	4.86e-14	3300029698_6
PUL0352	1.06e-197	3300029698_6
PUL0424	4.12e-25	3300029698_6
PUL00947	3.09e-136	3300029698_6
PUL01014	6.85e-200	3300029698_6
PUL01087	2.59e-174	3300029698_6
PUL05391	4.84e-216	3300029698_6
PUL05608	1.57e-155	3300029698_6
PUL0014	8.36e-46	3300029703_11
PUL0103	1.03999999999998e-310	3300029703_11
PUL0166	2.79000000001286e-313	3300029703_11
PUL0178	9.16e-275	3300029703_11
PUL0180	3.11e-71	3300029703_11
PUL0337	0.000404	3300029703_11
PUL0382	1.63e-291	3300029703_11
PUL0485	4.75e-257	3300029703_11
PUL00941	6.96e-259	3300029703_11
PUL00947	1.5e-135	3300029703_11
PUL01065	3.99e-164	3300029703_11
PUL02670	4.32e-307	3300029703_11
PUL03330	1.87e-69	3300029703_11
PUL0049	4.96e-68	3300029707_11
PUL0049	6.12e-219	3300029707_11
PUL0166	2.37000000000827e-313	3300029707_11
PUL0180	2.02e-71	3300029707_11
PUL0451	7.84e-07	3300029707_11
PUL0485	6.54e-258	3300029707_11
PUL05020	7.77e-203	3300029707_11
PUL05132	1.35e-194	3300029707_11
PUL0121	5.69e-115	3300029708_11
PUL0166	2.89999999999901e-312	3300029708_11
PUL0178	6.51e-275	3300029708_11
PUL0180	6.44e-72	3300029708_11
PUL0236	3.05e-105	3300029708_11
PUL0382	1.99e-291	3300029708_11
PUL0406	4.49e-20	3300029708_11
PUL0485	5.71e-257	3300029708_11
PUL00947	1.54e-136	3300029708_11
PUL01053	2.68e-74	3300029708_11
PUL01087	6.22e-174	3300029708_11
PUL01608	9.11e-28	3300029708_11
PUL04299	5.05e-31	3300029708_11
PUL05291	3.22e-17	3300029708_11
PUL05391	5.35e-216	3300029708_11
PUL0026	2.86e-171	3300029711_11
PUL0103	5.11000000000001e-310	3300029711_11
PUL0166	3.89000000002254e-313	3300029711_11
PUL0191	2.69e-38	3300029711_11
PUL0236	4.67e-105	3300029711_11
PUL0337	5.53e-237	3300029711_11
PUL0357	2.37e-226	3300029711_11
PUL0417	2.98e-266	3300029711_11
PUL0485	4.11e-257	3300029711_11
PUL00505	1.35e-59	3300029711_11
PUL0527	5.88e-149	3300029711_11
PUL00947	3.1e-136	3300029711_11
PUL01065	3.36e-165	3300029711_11
PUL01087	1.32e-173	3300029711_11
PUL01243	6.74e-06	3300029711_11
PUL03354	3.05e-40	3300029711_11
PUL03356	1.44e-84	3300029711_11
PUL05391	9.41e-217	3300029711_11
PUL0103	9.20999999999985e-311	3300029715_16
PUL0115	2.59e-283	3300029715_16
PUL0236	4.85e-105	3300029715_16
PUL0485	7.07e-257	3300029715_16
PUL01053	1.56e-75	3300029715_16
PUL01808	2.82e-162	3300029715_16
PUL03390	4.99e-207	3300029715_16
PUL05391	4.07e-216	3300029715_16
PUL0149	2.66e-152	3300029716_10
PUL0166	5.62999999999922e-312	3300029716_10
PUL0178	1.75e-274	3300029716_10
PUL0180	1.09e-70	3300029716_10
PUL0332	1.45e-195	3300029716_10
PUL0485	1.56e-254	3300029716_10
PUL00947	1.33e-135	3300029716_10
PUL02670	2.67e-306	3300029716_10
PUL0049	4.38e-219	3300029717_13
PUL0103	1.97e-206	3300029717_13
PUL0152	1.81e-17	3300029717_13
PUL0178	1.7e-275	3300029717_13
PUL0180	5.45e-71	3300029717_13
PUL00294	9.03e-18	3300029717_13
PUL0332	9.14e-120	3300029717_13
PUL0352	3.2e-15	3300029717_13
PUL0451	7.44e-07	3300029717_13
PUL0485	1.06e-256	3300029717_13
PUL0527	5.01e-285	3300029717_13
PUL00573	9.88e-63	3300029717_13
PUL01013	1.09e-161	3300029717_13
PUL01087	3.92e-174	3300029717_13
PUL02811	8.8e-07	3300029717_13
PUL03299	2.17e-130	3300029717_13
PUL03354	4.47e-40	3300029717_13
PUL03440	5.3e-50	3300029717_13
PUL04796	1.14e-200	3300029717_13
PUL04921	8.41e-122	3300029717_13
PUL05020	2.4e-202	3300029717_13
PUL05132	6e-193	3300029717_13
PUL05391	3.33e-216	3300029717_13
PUL0180	3.73e-71	3300029725_10
PUL0299	4.01e-78	3300029725_10
PUL0485	6.28e-257	3300029725_10
PUL0506	1.07e-145	3300029725_10
PUL00947	1.94e-136	3300029725_10
PUL01087	1e-174	3300029725_10
PUL01808	3.39e-162	3300029725_10
PUL0149	2.35e-152	3300029730_7
PUL0152	1.6e-07	3300029730_7
PUL0166	2.66000000001262e-313	3300029730_7
PUL0180	4.19e-71	3300029730_7
PUL0424	7e-10	3300029730_7
PUL00947	1.76e-136	3300029730_7
PUL01091	3.34e-27	3300029730_7
PUL01615	2.82e-10	3300029730_7
PUL03356	8.01e-86	3300029730_7
PUL0121	9.9e-116	3300029731_7
PUL0152	1.15e-17	3300029731_7
PUL0166	2.99000000000564e-313	3300029731_7
PUL0236	7.97e-105	3300029731_7
PUL0375	2.24e-12	3300029731_7
PUL0424	8.43e-25	3300029731_7
PUL00947	1.79e-135	3300029731_7
PUL00967	1.34e-103	3300029731_7
PUL01455	5.51e-192	3300029731_7
PUL02556	9.15e-117	3300029731_7
PUL02670	4.64e-307	3300029731_7
PUL03342	1.75e-34	3300029731_7
PUL03350	8.05e-219	3300029731_7
PUL04796	3.04e-217	3300029731_7
PUL05020	2.75e-203	3300029731_7
PUL05608	2.68e-156	3300029731_7
PUL0103	1.87e-310	3300029734_11
PUL0166	3.84999999998446e-313	3300029734_11
PUL0178	1.15e-274	3300029734_11
PUL0180	1.49e-70	3300029734_11
PUL0485	1.65e-256	3300029734_11
PUL00706	2.67e-154	3300029734_11
PUL00947	3.21e-136	3300029734_11
PUL01065	1.85e-164	3300029734_11
PUL01807	1.14e-201	3300029734_11
PUL02670	2.19e-307	3300029734_11
PUL05071	6.56e-224	3300029734_11
PUL0049	1.97e-68	3300029735_10
PUL0166	2.07000000001911e-313	3300029735_10
PUL0180	2.07e-71	3300029735_10
PUL0336	1.19e-187	3300029735_10
PUL0485	5.07e-257	3300029735_10
PUL00947	3.33e-136	3300029735_10
PUL03350	7.1e-220	3300029735_10
PUL0014	6.25e-46	3300029756_6
PUL0017	1.51e-179	3300029756_6
PUL0049	9.97e-69	3300029756_6
PUL0103	9.42999999999981e-311	3300029756_6
PUL0106	3.84e-31	3300029756_6
PUL0152	1.23e-17	3300029756_6
PUL0166	3.4499999999989e-313	3300029756_6
PUL0178	1.19e-274	3300029756_6
PUL0180	9.84e-71	3300029756_6
PUL0236	1.66e-105	3300029756_6
PUL0382	1.03e-290	3300029756_6
PUL0485	1.19e-256	3300029756_6
PUL00614	3.03e-05	3300029756_6
PUL00947	3.22e-136	3300029756_6
PUL01080	1.32e-20	3300029756_6
PUL01081	4.57e-224	3300029756_6
PUL01458	2.84e-186	3300029756_6
PUL01640	3.96e-35	3300029756_6
PUL01807	1.36e-201	3300029756_6
PUL02670	2.52e-307	3300029756_6
PUL03356	1.81e-84	3300029756_6
PUL04796	3.97e-202	3300029756_6
PUL0049	3.57e-219	3300029772_11
PUL0115	5.49e-187	3300029772_11
PUL0166	4.78999999999991e-312	3300029772_11
PUL0178	2.03e-274	3300029772_11
PUL0236	1.77e-104	3300029772_11
PUL0267	1.78e-225	3300029772_11
PUL0332	9.78e-120	3300029772_11
PUL0336	2.45e-187	3300029772_11
PUL0382	3.16e-291	3300029772_11
PUL0417	3.06e-266	3300029772_11
PUL0485	1.23e-118	3300029772_11
PUL00941	1.75e-259	3300029772_11
PUL00947	9.36e-136	3300029772_11
PUL01610	7.62e-82	3300029772_11
PUL04299	2.51e-31	3300029772_11
PUL04605	1.47e-58	3300029772_11
PUL0103	1.32999999999989e-311	3300029790_12
PUL0108	1.16e-80	3300029790_12
PUL0121	7.76e-116	3300029790_12
PUL0166	9.36000000021528e-314	3300029790_12
PUL0178	1.8e-274	3300029790_12
PUL0180	1.42e-70	3300029790_12
PUL0337	1.43e-237	3300029790_12
PUL0352	6.73e-199	3300029790_12
PUL0485	4.37e-257	3300029790_12
PUL01014	2.7e-200	3300029790_12
PUL01081	1.55e-223	3300029790_12
PUL01800	7.97e-49	3300029790_12
PUL02670	3.19e-306	3300029790_12
PUL03344	2.45e-23	3300029790_12
PUL05391	2.12e-216	3300029790_12
PUL05608	1.13e-157	3300029790_12
PUL0166	9.53999999999139e-313	3300029840_11
PUL0180	1.41e-70	3300029840_11
PUL0485	4.82e-257	3300029840_11
PUL01065	1.75e-163	3300029840_11
PUL0049	1.26e-189	3300029855_7
PUL0094	7.95e-81	3300029855_7
PUL0103	1.09999999999999e-310	3300029855_7
PUL0121	1.51e-116	3300029855_7
PUL0152	4.41e-17	3300029855_7
PUL0180	4.14e-71	3300029855_7
PUL0382	1.52e-290	3300029855_7
PUL0485	5.31e-257	3300029855_7
PUL00941	1.73e-257	3300029855_7
PUL00947	1.29e-136	3300029855_7
PUL01065	9.34e-165	3300029855_7
PUL01081	5.02e-224	3300029855_7
PUL01455	2.89e-218	3300029855_7
PUL02568	5.51e-166	3300029855_7
PUL03350	1.53e-220	3300029855_7
PUL05132	4.07e-193	3300029855_7
PUL0115	5.3e-282	3300029856_8
PUL0121	4.18e-113	3300029856_8
PUL0149	3.26e-152	3300029856_8
PUL0357	2.68e-226	3300029856_8
PUL0485	9.1e-257	3300029856_8
PUL00947	1.8e-136	3300029856_8
PUL03473	4.52e-26	3300029856_8
PUL0049	6.74e-68	3300029877_6
PUL0121	6.3e-114	3300029877_6
PUL0180	1.99e-71	3300029877_6
PUL0382	1.54e-289	3300029877_6
PUL0410	4.63e-12	3300029877_6
PUL0485	1.19e-256	3300029877_6
PUL00947	1.84e-136	3300029877_6
PUL01087	6.98e-175	3300029877_6
