GH1	1024
GT2	525
GT4	378
GT51	294
GH73	266
CE4	236
GH13_31	205
GH25	194
CE9	154
GH170	154
GH3	153
GH4	152
GH32	132
GT28	127
GT8	96
CE1	95
GH38	87
GH65	86
GT35	79
GT5	71
CBM34	69
GH20	67
GH36	67
GH35	61
CBM32	59
GH2	59
GH13_14	56
GH13_29	54
GH88	53
CBM48	45
AA10	44
GH125	43
GH154	40
GH13_5	39
GH112	37
GH77	37
GH29	36
GT26	35
GH31	33
GH42	29
CE14	26
CE7	26
GH105	26
GH63	26
GH18	25
PL8	25
GH136	24
GH16_6	24
GH84	24
GH92	24
GT113	23
GH126	22
GT14	22
GH13_20	21
GH94	21
GH173	19
CBM67	17
GH101	17
GT32	17
GH13_39	16
CBM41	15
GH13	15
GH13_18	15
CBM66	14
GT111	14
GH140	13
GH23	13
GH13_36	12
GH43_11	12
GH43_26	12
AA1	11
AA6	11
GH128	11
GH78	11
CBM4	10
CE2	10
CE20	10
GH28	10
GH43_24	10
GH5_54	10
GH57	10
PL12_1	10
PL9_2	10
CE6	9
GH13_9	9
GH53	9
GH59	9
PL8_3	9
GH16_3	8
GT39	8
AA3_2	7
GH8	7
GH85	7
CE8	6
GH106	6
GH146	6
GH30_9	6
GH43_3	6
GH43_4	6
GH70	6
CBM68	5
GH130	5
GH166	5
GH171	5
GH172	5
GH33	5
GH43_12	5
GH95	5
GT101	5
GH10	4
GH127	4
GH27	4
CBM51	3
CBM70	3
CE12	3
GH120	3
GH16_21	3
GH5_44	3
GH76	3
GT11	3
CBM22	2
CBM61	2
CBM9	2
CE19	2
GH109	2
GH110	2
GH113	2
GH123	2
GH13_28	2
GH13_8	2
GH138	2
GH43_10	2
GH43_22	2
GH68	2
GT1	2
GT108	2
GT92	2
PL1_6	2
AA7	1
CBM13	1
CBM16	1
CBM35	1
CBM38	1
CBM40	1
CE17	1
GH129	1
GH13_12	1
GH13_2	1
GH13_4	1
GH13_42	1
GH133	1
GH137	1
GH142	1
GH143	1
GH144	1
GH16_24	1
GH163	1
GH24	1
GH26	1
GH30_2	1
GH30_3	1
GH30_8	1
GH39	1
GH43_1	1
GH43_16	1
GH43_17	1
GH43_32	1
GH43_34	1
GH43_9	1
GH46	1
GH5_46	1
GH50	1
GH51	1
GH67	1
GH87	1
GH89	1
GH93	1
GT84	1
PL1	1
PL2	1
PL26	1
PL3_1	1
PL33_2	1
PL4_4	1
PL9_1	1
