3300011213_6	GH23	N
3300011213_6	GT2	N
3300011213_6	GH23	Y
3300011213_6	GH23	N
3300011213_6	GT51	N
3300011213_6	GT19	N
3300011213_6	CE11	N
3300011213_6	GT30	N
3300011213_6	GT51	N
3300011213_6	AA6	N
3300011213_6	GH23	Y
3300011213_6	GT28	N
3300011213_6	GH23	N
3300011213_6	GT51	N
3300011213_6	GH103	N
3300011213_6	AA3_2	N
3300011213_6	AA1	Y
3300011213_6	GT20	N
3300011213_6	GT4	N
3300011213_6	GH3	N
3300011213_6	GT4	N
3300011213_6	GT25	N
3300011213_6	GT2	N
3300011213_6	CE4	N
3300011213_6	GH103	Y
3300011213_6	GT4	N
3300011213_6	GT4	N
3300011213_6	GH25	N
3300011230_6	GH104	N
3300011230_6	CE11	N
3300011230_6	GT30	N
3300011230_6	GT51	N
3300011230_6	AA6	N
3300011230_6	GH23	Y
3300011230_6	GT28	N
3300011230_6	GT51	N
3300011230_6	GH23	N
3300011230_6	GT51	N
3300011230_6	AA3_2	N
3300011230_6	AA1	Y
3300011230_6	GH103	N
3300011230_6	GT4	N
3300011230_6	GH103	Y
3300011230_6	GH23	N
3300011230_6	GH3	N
3300011230_6	GT4	N
3300011230_6	CE4	N
3300011230_6	GT2	N
3300011230_6	GT4	N
3300011230_6	GT25	N
3300011230_6	GT4	N
3300011230_6	GT20	N
3300011230_6	GT2	N
3300011230_6	GH23	Y
3300011230_6	GH23	N
3300011230_6	GH25	N
3300011230_6	GT19	N
3300011232_5	GT51	N
3300011232_5	GT4	N
3300011232_5	GT51	N
3300011232_5	GT19	N
3300011232_5	GH103	Y
3300011232_5	GH23	Y
3300011232_5	GH23	N
3300011232_5	AA1	Y
3300011232_5	CE4	Y
3300011232_5	GT2	N
3300011232_5	GT51	N
3300011232_5	CE11	N
3300011232_5	GT28	N
3300011232_5	GT30	N
3300011232_5	GH3	N
3300011232_5	GT4	N
3300011232_5	CE4	N
3300011232_5	GT2	N
3300011232_5	AA3_2	N
3300011232_5	GT2	N
3300011232_5	CE4	Y
3300011232_5	AA6	N
3300011232_5	GH23	Y
3300011232_5	CE1	Y
3300011232_5	GH23	Y
3300011232_5	GH23	N
3300011232_5	GT4	N
3300011232_5	GT4	N
3300011232_5	GH25	N
3300011232_5	GT20	N
3300011232_5	GH103	Y
3300011360_2	GT51	N
3300011360_2	AA6	N
3300011360_2	GT30	N
3300011360_2	CE11	N
3300011360_2	GT28	N
3300011360_2	GH23	Y
3300011360_2	AA1	N
3300011360_2	GH23	N
3300011360_2	GH103	N
3300011360_2	GT51	N
3300011360_2	AA3_2	N
3300011360_2	GH23	Y
3300011360_2	GH23	N
3300011360_2	GT2	N
3300011360_2	GT19	N
3300011360_2	GH103	Y
3300011360_2	GT4	N
3300011360_2	GT2	N
3300011360_2	GH3	N
3300011360_2	GT4	N
3300011360_2	CE4	N
3300011360_2	GT4	N
3300011360_2	GT4	N
3300011360_2	GH25	N
3300011360_2	GT20	N
3300011360_2	GT51	N
3300011360_2	GH23	Y
3300011360_2	GH23	Y
3300011385_1	GT4	N
3300011385_1	GT4	N
3300011385_1	GT4	N
3300011385_1	GT51	N
3300011385_1	GT73	N
3300011385_1	GT4	N
3300011385_1	GT25	N
3300011385_1	GT4	N
3300011385_1	GT4	N
3300011385_1	GT20	N
3300011385_1	GT19	N
3300011385_1	GH103	Y
3300011385_1	AA6	N
3300011385_1	GT51	N
3300011385_1	GH3	N
3300011385_1	GT51	N
3300011385_1	GT14	N
3300011385_1	GH23	Y
3300011385_1	GH23	Y
3300011385_1	GT52	N
3300011385_1	GH23	Y
3300011385_1	GT30	N
3300011385_1	GH103	Y
3300011385_1	GT28	N
3300011385_1	CE11	N
3300011386_4	GT51	N
3300011386_4	GH108	N
3300011386_4	GT2	N
3300011386_4	GT2	N
3300011386_4	GT83	Y
3300011386_4	GT20	Y
3300011386_4	AA1	Y
3300011386_4	GH25	N
3300011386_4	AA6	N
3300011386_4	GH23	N
3300011386_4	GT19	N
3300011386_4	GH3	N
3300011386_4	GT4	N
3300011386_4	GT4	N
3300011386_4	GH108	N
3300011386_4	GH23	Y
3300011386_4	GH103	Y
3300011386_4	GT2	N
3300011386_4	CE4	Y
3300011386_4	GT51	N
3300011386_4	GH24	N
3300011386_4	AA3_2	N
3300011386_4	CE4	Y
3300011386_4	GT2	N
3300011386_4	GT51	N
3300011386_4	GT30	N
3300011386_4	CE11	N
3300011386_4	GT28	N
3300011386_4	GH24	N
3300011386_4	AA6	N
3300011386_4	GH103	Y
3300011386_4	GT4	N
3300011386_4	CE4	N
3300011386_4	GT2	N
3300011386_4	GH108	N
3300011386_4	GH23	Y
3300011386_4	AA6	N
3300011386_4	GH23	Y
3300011386_4	GH23	N
3300011386_4	GH24	N
3300011452_2	GT2	N
3300011452_2	GT83	Y
3300011452_2	GT19	N
3300011452_2	GT30	N
3300011452_2	CE11	N
3300011452_2	GT28	N
3300011452_2	GT20	Y
3300011452_2	AA1	Y
3300011452_2	AA6	N
3300011452_2	CE4	N
3300011452_2	GT2	N
3300011452_2	GT25	N
3300011452_2	CE4	Y
3300011452_2	GT2	N
3300011452_2	GH24	N
3300011452_2	GT51	N
3300011452_2	GT51	N
3300011452_2	GT2	N
3300011452_2	CE4	Y
3300011452_2	AA3_2	N
3300011452_2	GH103	Y
3300011452_2	GT4	N
3300011452_2	AA1	Y
3300011452_2	GT51	N
3300011452_2	GH23	Y
3300011452_2	GH23	N
3300011452_2	GT4	N
3300011452_2	GH3	N
3300011452_2	GH23	Y
3300011452_2	GH24	N
3300011452_2	GH103	Y
3300011452_2	GH108	N
3300011452_2	CE1	N
3300011452_2	GT4	N
3300011452_2	GH25	N
3300011452_2	AA6	N
3300011452_2	GH23	N
3300011452_2	AA6	N
3300011452_2	GH23	Y
3300011471_3	AA6	N
3300011471_3	GT51	N
3300011471_3	GT73	N
3300011471_3	GH23	Y
3300011471_3	GT4	N
3300011471_3	GT25	N
3300011471_3	GT4	N
3300011471_3	GT4	N
3300011471_3	GT20	N
3300011471_3	GT30	N
3300011471_3	GT19	N
3300011471_3	GH103	Y
3300011471_3	GH23	Y
3300011471_3	GH23	Y
3300011471_3	GH3	N
3300011471_3	GT51	N
3300011471_3	GH103	Y
3300011471_3	GT51	N
3300011471_3	CE11	N
3300011471_3	GT28	N
3300011471_3	GT2	N
3300011471_3	GT4	N
3300011471_3	GT4	N
3300011471_3	GT4	N
3300011471_3	GT4	N
3300011471_3	GT2	N
3300011471_3	GT14	N
3300011471_3	GT52	N
3300011536_5	GH23	Y
3300011536_5	GT19	N
3300011536_5	GH103	Y
3300011536_5	AA6	N
3300011536_5	GT51	N
3300011536_5	GT73	N
3300011536_5	GT4	N
3300011536_5	GT25	N
3300011536_5	GT4	N
3300011536_5	GT4	N
3300011536_5	GT20	N
3300011536_5	GT4	N
3300011536_5	GT30	N
3300011536_5	GT4	N
3300011536_5	GH3	N
3300011536_5	GT51	N
3300011536_5	GT4	N
3300011536_5	GT14	N
3300011536_5	GH23	Y
3300011536_5	GT52	N
3300011536_5	GH23	Y
3300011536_5	GT2	N
3300011536_5	GT4	N
3300011536_5	GT51	N
3300011536_5	GT28	N
3300011536_5	CE11	N
3300011536_5	GH103	Y
3300011548_2	GT4	N
3300011548_2	GH3	N
3300011548_2	GT4	N
3300011548_2	GT25	N
3300011548_2	GT2	N
3300011548_2	CE4	N
3300011548_2	AA6	N
3300011548_2	GH25	N
3300011548_2	GH23	N
3300011548_2	GT51	N
3300011548_2	GT2	N
3300011548_2	CE4	Y
3300011548_2	AA3_2	N
3300011548_2	GH108	N
3300011548_2	GH23	N
3300011548_2	GT51	N
3300011548_2	GH103	Y
3300011548_2	GT20	Y
3300011548_2	AA1	Y
3300011548_2	GH23	N
3300011548_2	GH23	Y
3300011548_2	GT83	Y
3300011548_2	GT2	N
3300011548_2	GT51	N
3300011548_2	GT4	N
3300011548_2	GH23	Y
3300011548_2	GT28	N
3300011548_2	CE11	N
3300011548_2	GT30	N
3300011548_2	AA6	N
3300011548_2	GH23	Y
3300011548_2	AA1	Y
3300011548_2	GT19	N
3300011548_2	GT2	N
3300011548_2	GH103	Y
3300011548_2	GH108	N
3300011548_2	CE4	Y
3300011548_2	GT2	N
3300011558_2	GH108	N
3300011558_2	GH104	N
3300011558_2	GT2	N
3300011558_2	GH23	Y
3300011558_2	GH23	N
3300011558_2	AA1	Y
3300011558_2	AA3_2	N
3300011558_2	GT51	N
3300011558_2	GH23	N
3300011558_2	GH103	N
3300011558_2	GT51	N
3300011558_2	AA6	N
3300011558_2	GT30	N
3300011558_2	CE11	N
3300011558_2	GT28	N
3300011558_2	GH23	Y
3300011558_2	GT19	N
3300011558_2	GH3	N
3300011558_2	GT4	N
3300011558_2	CE4	N
3300011558_2	GT2	N
3300011558_2	GT4	N
3300011558_2	GT25	N
3300011558_2	GT4	N
3300011558_2	GT20	N
3300011558_2	GH103	Y
3300011558_2	GT4	N
3300011558_2	GH25	N
3300011558_2	AA1	Y
3300011558_2	GT51	N
3300011575_5	GT4	N
3300011575_5	GH23	Y
3300011575_5	GH104	N
3300011575_5	GT30	N
3300011575_5	GT25	N
3300011575_5	GT73	N
3300011575_5	GT51	N
3300011575_5	AA6	N
3300011575_5	GT51	N
3300011575_5	GH3	N
3300011575_5	GT51	N
3300011575_5	GH103	Y
3300011575_5	GT14	N
3300011575_5	GT52	N
3300011575_5	GT4	N
3300011575_5	GT28	N
3300011575_5	CE11	N
3300011575_5	GH23	Y
3300011575_5	GH23	Y
3300011575_5	GT20	N
3300011575_5	GH103	Y
3300011575_5	GT19	N
3300011593_3	GT2	N
3300011593_3	GT2	N
3300011593_3	GT83	Y
3300011593_3	GH103	Y
3300011593_3	AA6	N
3300011593_3	GT19	N
3300011593_3	GT2	N
3300011593_3	CE4	Y
3300011593_3	AA3_2	N
3300011593_3	GT51	N
3300011593_3	GH23	Y
3300011593_3	GT2	N
3300011593_3	CE4	Y
3300011593_3	GT4	N
3300011593_3	GT28	N
3300011593_3	CE11	N
3300011593_3	GT30	N
3300011593_3	GH3	N
3300011593_3	GT4	N
3300011593_3	GT51	N
3300011593_3	GT51	N
3300011593_3	GT2	N
3300011593_3	GT4	N
3300011593_3	GT20	Y
3300011593_3	GH25	N
3300011593_3	GH23	N
3300011593_3	AA6	N
3300011593_3	GH103	Y
3300011593_3	GH108	N
3300011593_3	AA1	Y
3300011593_3	GT25	N
3300011593_3	GT2	N
3300011593_3	CE4	N
3300011593_3	GH23	N
3300011593_3	GH23	Y
3300011593_3	AA6	N
3300011593_3	GH23	Y
3300011593_3	GH24	N
3300011593_3	AA1	Y
3300011596_5	GT4	N
3300011596_5	GH103	Y
3300011596_5	GT19	N
3300011596_5	GH23	Y
3300011596_5	GH3	N
3300011596_5	GT51	N
3300011596_5	GT30	N
3300011596_5	GT28	N
3300011596_5	CE11	N
3300011596_5	GT51	N
3300011596_5	GT25	N
3300011596_5	GT73	N
3300011596_5	GT51	N
3300011596_5	AA6	N
3300011596_5	GT20	Y
3300011596_5	GT4	N
3300011596_5	GH103	Y
3300011596_5	GH23	Y
3300011596_5	GT52	N
3300011596_5	GT14	N
3300011631_3	GT2	N
3300011631_3	GH23	N
3300011631_3	GH24	N
3300011631_3	GH23	N
3300011631_3	GH23	Y
3300011631_3	GT83	Y
3300011631_3	GT2	N
3300011631_3	AA6	N
3300011631_3	CE4	N
3300011631_3	GT2	N
3300011631_3	GT25	N
3300011631_3	GH25	N
3300011631_3	GH23	N
3300011631_3	GT51	N
3300011631_3	GT51	N
3300011631_3	GT2	N
3300011631_3	CE4	Y
3300011631_3	AA3_2	N
3300011631_3	GH108	N
3300011631_3	GT51	N
3300011631_3	GH103	Y
3300011631_3	GT28	N
3300011631_3	CE11	N
3300011631_3	GT30	N
3300011631_3	GH23	Y
3300011631_3	AA6	N
3300011631_3	GH23	Y
3300011631_3	GT20	Y
3300011631_3	AA1	Y
3300011631_3	AA1	Y
3300011631_3	GH3	N
3300011631_3	GT4	N
3300011631_3	GT4	N
3300011631_3	GT19	N
3300011631_3	CE4	Y
3300011631_3	GT2	N
3300011631_3	GT4	N
3300011631_3	GH103	Y
3300011631_3	GH108	N
3300011675_3	GH103	Y
3300011675_3	GH23	Y
3300011675_3	GH153	Y
3300011675_3	GT2	N
3300011675_3	CE4	Y
3300011675_3	GT30	N
3300011675_3	CE11	N
3300011675_3	GT28	N
3300011675_3	GH23	Y
3300011675_3	GT2	N
3300011675_3	GT105	N
3300011675_3	GT51	N
3300011675_3	AA6	N
3300011675_3	GH23	N
3300011675_3	CE4	Y
3300011675_3	GT2	N
3300011675_3	GT51	N
3300011675_3	GH23	Y
3300011675_3	GT4	N
3300011675_3	GT4	N
3300011675_3	AA1	Y
3300011675_3	GH25	Y
3300011675_3	GT51	N
3300011675_3	AA3_2	N
3300011675_3	GT4	N
3300011675_3	GT4	N
3300011675_3	GT4	N
3300011675_3	GT101	N
3300011675_3	CE4	N
3300011675_3	GT2	N
3300011675_3	GT4	N
3300011675_3	GT4	N
3300011675_3	GT4	N
3300011675_3	GT4	N
3300011675_3	PL12	N
3300011675_3	GH23	N
3300011675_3	GT19	N
3300011675_3	GH3	N
3300011675_3	GT20	N
3300011675_3	GH103	Y
3300011675_3	AA1	Y
3300011700_2	CE4	Y
3300011700_2	GT2	N
3300011700_2	GT51	N
3300011700_2	GH23	Y
3300011700_2	GH23	N
3300011700_2	GT51	N
3300011700_2	AA3_2	N
3300011700_2	GT19	N
3300011700_2	CE4	Y
3300011700_2	GT2	N
3300011700_2	GH108	N
3300011700_2	GH103	Y
3300011700_2	GT20	N
3300011700_2	GT51	N
3300011700_2	GT4	N
3300011700_2	GH23	Y
3300011700_2	AA1	Y
3300011700_2	CE1	Y
3300011700_2	AA6	N
3300011700_2	GH23	Y
3300011700_2	GH23	N
3300011700_2	GT28	N
3300011700_2	CE11	N
3300011700_2	GT30	N
3300011700_2	GT2	N
3300011700_2	CE4	N
3300011700_2	GT4	N
3300011700_2	GH3	N
3300011700_2	GH25	N
3300011700_2	GT4	N
3300011700_2	GT4	N
3300011700_2	GT20	N
3300011700_2	AA1	Y
3300011700_2	GH103	Y
3300011724_4	AA6	N
3300011724_4	GH23	N
3300011724_4	GH23	Y
3300011724_4	CE4	N
3300011724_4	GT2	N
3300011724_4	GT4	N
3300011724_4	GT25	N
3300011724_4	GT2	N
3300011724_4	GH103	Y
3300011724_4	GT83	Y
3300011724_4	GT2	N
3300011724_4	GT51	N
3300011724_4	GT2	N
3300011724_4	CE4	Y
3300011724_4	GT4	N
3300011724_4	GT28	N
3300011724_4	CE11	N
3300011724_4	GT30	N
3300011724_4	AA1	Y
3300011724_4	GH3	N
3300011724_4	GT4	N
3300011724_4	GT51	N
3300011724_4	GT4	N
3300011724_4	GT2	N
3300011724_4	AA6	N
3300011724_4	GH23	Y
3300011724_4	GH108	N
3300011724_4	GH25	N
3300011724_4	AA6	N
3300011724_4	GH23	N
3300011724_4	GT2	N
3300011724_4	CE4	Y
3300011724_4	AA3_2	N
3300011724_4	GT51	N
3300011724_4	GH23	Y
3300011724_4	GT20	Y
3300011724_4	GT19	N
3300011724_4	AA1	Y
3300011724_4	GH103	Y
3300011744_3	GH103	Y
3300011744_3	GT51	N
3300011744_3	GT25	N
3300011744_3	GT73	N
3300011744_3	GT51	N
3300011744_3	GH23	Y
3300011744_3	GT4	N
3300011744_3	GH3	N
3300011744_3	GT51	N
3300011744_3	GH24	N
3300011744_3	GT30	N
3300011744_3	GH103	Y
3300011744_3	GT19	N
3300011744_3	GT14	N
3300011744_3	GT52	N
3300011744_3	AA1	N
3300011744_3	GH108	N
3300011744_3	AA6	N
3300011744_3	GT4	N
3300011744_3	CE11	N
3300011744_3	GT28	N
3300011744_3	GH23	Y
3300011744_3	GH23	Y
3300011744_3	GT20	Y
3300011747_4	GT2	N
3300011747_4	GT2	N
3300011747_4	GT83	Y
3300011747_4	AA1	Y
3300011747_4	GT19	N
3300011747_4	GT51	N
3300011747_4	GT51	N
3300011747_4	AA3_2	N
3300011747_4	CE4	Y
3300011747_4	GT2	N
3300011747_4	AA6	N
3300011747_4	GT4	N
3300011747_4	GH3	N
3300011747_4	GT4	N
3300011747_4	CE4	Y
3300011747_4	GT2	N
3300011747_4	GT30	N
3300011747_4	CE11	N
3300011747_4	GT28	N
3300011747_4	GT2	N
3300011747_4	CE4	N
3300011747_4	GT20	Y
3300011747_4	GT51	N
3300011747_4	GH24	N
3300011747_4	GH25	N
3300011747_4	AA6	N
3300011747_4	GH23	N
3300011747_4	GH24	N
3300011747_4	GT2	N
3300011747_4	GT4	N
3300011747_4	GT2	N
3300011747_4	GH24	N
3300011747_4	GH103	Y
3300011747_4	AA1	Y
3300011747_4	GH103	Y
3300011747_4	GH23	Y
3300011747_4	GH23	Y
3300011747_4	AA6	N
3300011747_4	GH23	Y
3300011747_4	GH23	N
3300011777_4	GT2	N
3300011777_4	GH23	Y
3300011777_4	GH23	N
3300011777_4	CE11	N
3300011777_4	GT30	N
3300011777_4	GT51	N
3300011777_4	AA6	N
3300011777_4	GH23	Y
3300011777_4	GT28	N
3300011777_4	GH3	N
3300011777_4	GT4	N
3300011777_4	CE4	N
3300011777_4	GT2	N
3300011777_4	GT4	N
3300011777_4	GT25	N
3300011777_4	GH23	N
3300011777_4	GT4	N
3300011777_4	GT51	N
3300011777_4	GH23	N
3300011777_4	GH103	N
3300011777_4	GT20	N
3300011777_4	GH103	Y
3300011777_4	GT19	N
3300011777_4	AA3_2	N
3300011777_4	GT51	N
3300011777_4	AA1	Y
3300011777_4	GH25	N
3300011777_4	GH108	N
3300011778_5	GH103	Y
3300011778_5	GH23	Y
3300011778_5	GH23	Y
3300011778_5	GH3	N
3300011778_5	GT25	N
3300011778_5	GT73	N
3300011778_5	GT25	N
3300011778_5	GH23	N
3300011778_5	AA3_2	N
3300011778_5	GT20	N
3300011778_5	GT19	N
3300011778_5	GT30	N
3300011778_5	CE11	N
3300011778_5	GT28	N
3300011778_5	AA1	Y
3300011778_5	GT51	N
3300011778_5	GT2	N
3300011778_5	GH25	N
3300011778_5	GH23	Y
3300011778_5	AA6	N
3300011778_5	GT2	N
3300011778_5	GH104	N
3300011778_5	GH153	Y
3300011778_5	GT2	N
3300011778_5	CE4	Y
3300011778_5	GT51	N
3300011778_5	GT4	N
3300011778_5	GT4	N
3300011778_5	GT4	N
3300011778_5	GT51	N
3300011778_5	GH103	Y
3300011778_5	GH23	Y
3300011790_5	GH23	N
3300011790_5	GH23	Y
3300011790_5	GT2	N
3300011790_5	CE11	N
3300011790_5	GT30	N
3300011790_5	GT51	N
3300011790_5	AA6	N
3300011790_5	GH23	Y
3300011790_5	GT28	N
3300011790_5	GH108	N
3300011790_5	GT51	N
3300011790_5	GT20	N
3300011790_5	AA1	Y
3300011790_5	AA3_2	N
3300011790_5	GT51	N
3300011790_5	GH3	N
3300011790_5	GT4	N
3300011790_5	CE4	N
3300011790_5	GT2	N
3300011790_5	GT25	N
3300011790_5	GT4	N
3300011790_5	GH23	N
3300011790_5	GH103	N
3300011790_5	GH103	Y
3300011790_5	GT4	Y
3300011790_5	GT4	N
3300011790_5	GH25	N
3300011790_5	GT19	N
3300011790_5	GH23	N
3300011868_3	GT51	N
3300011868_3	GT4	N
3300011868_3	GT4	N
3300011868_3	GT4	N
3300011868_3	GT51	N
3300011868_3	GH23	Y
3300011868_3	GH23	N
3300011868_3	GT51	N
3300011868_3	CE4	Y
3300011868_3	GT2	N
3300011868_3	GH23	Y
3300011868_3	AA1	Y
3300011868_3	CE11	N
3300011868_3	GT28	N
3300011868_3	GT30	N
3300011868_3	GH3	N
3300011868_3	GT4	N
3300011868_3	CE4	N
3300011868_3	GT2	N
3300011868_3	GH23	N
3300011868_3	GT20	N
3300011868_3	GT19	N
3300011868_3	CE4	Y
3300011868_3	GT2	N
3300011868_3	AA3_2	N
3300011868_3	GH24	N
3300011868_3	GH103	Y
3300011868_3	CE1	Y
3300011868_3	GH25	N
3300011868_3	AA6	N
3300011868_3	GH23	Y
3300011868_3	GT20	N
3300011868_3	GH103	Y
3300011923_2	GH103	Y
3300011923_2	GH23	Y
3300011923_2	AA1	Y
3300011923_2	GH23	Y
3300011923_2	GH23	N
3300011923_2	GT51	N
3300011923_2	CE4	Y
3300011923_2	GT19	N
3300011923_2	GT2	N
3300011923_2	GT51	N
3300011923_2	GT51	N
3300011923_2	GT4	N
3300011923_2	GT4	N
3300011923_2	GT4	N
3300011923_2	AA3_2	N
3300011923_2	CE4	Y
3300011923_2	GT2	N
3300011923_2	GH23	N
3300011923_2	GT28	N
3300011923_2	CE11	N
3300011923_2	GT30	N
3300011923_2	GT4	N
3300011923_2	GH3	N
3300011923_2	GT2	N
3300011923_2	CE4	N
3300011923_2	AA6	N
3300011923_2	GH23	Y
3300011923_2	CE1	Y
3300011923_2	GT20	N
3300011923_2	GH25	N
3300011923_2	GH103	Y
3300011931_1	GT51	N
3300011931_1	GT4	N
3300011931_1	GT4	N
3300011931_1	GT28	N
3300011931_1	CE11	N
3300011931_1	GT51	N
3300011931_1	AA6	N
3300011931_1	GT30	N
3300011931_1	GH23	Y
3300011931_1	GH23	N
3300011931_1	GH103	Y
3300011931_1	GT51	N
3300011931_1	GH23	Y
3300011931_1	GT20	N
3300011931_1	GT4	N
3300011931_1	GT4	N
3300011931_1	PL9_2	Y
3300011931_1	GH103	Y
3300011931_1	GT2	N
3300011931_1	GT4	N
3300011931_1	AA1	Y
3300011931_1	GH3	N
3300011931_1	GT19	N
3300011954_2	GT2	N
3300011954_2	GH103	Y
3300011954_2	GH24	N
3300011954_2	GT51	N
3300011954_2	GT83	Y
3300011954_2	GT4	N
3300011954_2	GH108	N
3300011954_2	AA1	Y
3300011954_2	GT20	Y
3300011954_2	GT28	N
3300011954_2	CE11	N
3300011954_2	GT30	N
3300011954_2	GT19	N
3300011954_2	AA3_2	N
3300011954_2	GT51	N
3300011954_2	GT2	N
3300011954_2	CE4	Y
3300011954_2	GT25	N
3300011954_2	GT2	N
3300011954_2	CE4	N
3300011954_2	CE4	Y
3300011954_2	GT2	N
3300011954_2	AA6	N
3300011954_2	GH23	Y
3300011954_2	GT4	N
3300011954_2	AA1	Y
3300011954_2	GT51	N
3300011954_2	GH23	N
3300011954_2	GH23	Y
3300011954_2	AA6	N
3300011954_2	GT4	N
3300011954_2	GH3	N
3300011954_2	GH23	Y
3300011954_2	GH103	Y
3300011954_2	CE1	N
3300011954_2	GH25	N
3300011954_2	AA6	N
3300011954_2	GH23	N
3300012241_4	GH23	N
3300012241_4	GH103	N
3300012241_4	GT51	N
3300012241_4	AA3_2	N
3300012241_4	AA1	Y
3300012241_4	GT20	N
3300012241_4	GT4	N
3300012241_4	GH3	N
3300012241_4	GT4	N
3300012241_4	GT25	N
3300012241_4	GT4	N
3300012241_4	GT2	N
3300012241_4	CE4	N
3300012241_4	GH24	N
3300012241_4	GH108	N
3300012241_4	GT51	N
3300012241_4	GT19	N
3300012241_4	GH103	Y
3300012241_4	GT4	N
3300012241_4	GT30	N
3300012241_4	GT28	N
3300012241_4	CE11	N
3300012241_4	GH23	N
3300012241_4	GH23	Y
3300012241_4	GT2	N
3300012241_4	GT89	N
3300012241_4	GH25	N
3300012241_4	AA6	N
3300012241_4	GT51	N
3300012241_4	GH23	Y
3300013469_1	GT51	N
3300013469_1	GH23	Y
3300013469_1	GH23	N
3300013469_1	GT51	N
3300013469_1	GT19	N
3300013469_1	CE4	Y
3300013469_1	GT2	N
3300013469_1	GT4	N
3300013469_1	GT51	N
3300013469_1	GH103	Y
3300013469_1	GH23	Y
3300013469_1	AA1	Y
3300013469_1	CE4	Y
3300013469_1	GT2	N
3300013469_1	AA3_2	N
3300013469_1	GT28	N
3300013469_1	CE11	N
3300013469_1	GT30	N
3300013469_1	GT4	N
3300013469_1	GH3	N
3300013469_1	GT2	N
3300013469_1	CE4	N
3300013469_1	GH23	N
3300013469_1	GT20	N
3300013469_1	GH25	N
3300013469_1	AA1	Y
3300013469_1	CE1	Y
3300013469_1	AA6	N
3300013469_1	GH23	Y
3300013469_1	GT4	N
3300013469_1	GT4	N
3300013469_1	GH103	Y
3300013693_4	GT51	N
3300013693_4	GH103	N
3300013693_4	GH23	N
3300013693_4	GT51	N
3300013693_4	AA3_2	N
3300013693_4	AA1	Y
3300013693_4	GH3	N
3300013693_4	GT4	N
3300013693_4	CE4	N
3300013693_4	GT2	N
3300013693_4	GT4	N
3300013693_4	GT25	N
3300013693_4	GT4	N
3300013693_4	CE11	N
3300013693_4	GT28	N
3300013693_4	GT30	N
3300013693_4	GT20	N
3300013693_4	GH103	Y
3300013693_4	GT51	N
3300013693_4	GH23	N
3300013693_4	GH23	Y
3300013693_4	GT2	N
3300013693_4	GH25	N
3300013693_4	GT19	N
3300013693_4	GH23	N
3300013693_4	AA6	N
3300013693_4	GH23	Y
3300013703_1	GT4	N
3300013703_1	GH3	N
3300013703_1	GT4	N
3300013703_1	AA1	Y
3300013703_1	GT19	N
3300013703_1	GH104	N
3300013703_1	GH24	N
3300013703_1	GT20	Y
3300013703_1	GT51	N
3300013703_1	GH103	Y
3300013703_1	GT51	N
3300013703_1	GT28	N
3300013703_1	CE11	N
3300013703_1	GT30	N
3300013703_1	CE4	Y
3300013703_1	GT2	N
3300013703_1	GT51	N
3300013703_1	AA3_2	N
3300013703_1	CE4	Y
3300013703_1	GT2	N
3300013703_1	GH108	N
3300013703_1	GH108	N
3300013703_1	CE4	N
3300013703_1	GT4	N
3300013703_1	GT4	N
3300013703_1	GT4	N
3300013703_1	GT2	N
3300013703_1	GT4	N
3300013703_1	GT4	N
3300013703_1	GT4	N
3300013703_1	GH25	N
3300013703_1	AA6	N
3300013703_1	GH23	N
3300013703_1	AA1	Y
3300013703_1	GH23	N
3300013703_1	GH23	Y
3300013703_1	GH23	Y
3300013703_1	GT2	N
3300013703_1	GT83	Y
3300013703_1	GT2	N
3300013703_1	GH103	Y
3300013703_1	GH23	Y
3300013703_1	AA6	N
3300013815_2	CE4	Y
3300013815_2	GT2	N
3300013815_2	GH153	Y
3300013815_2	GH23	Y
3300013815_2	GH103	Y
3300013815_2	GH23	N
3300013815_2	GH23	Y
3300013815_2	GT51	N
3300013815_2	GT2	N
3300013815_2	CE4	Y
3300013815_2	AA1	Y
3300013815_2	GT20	N
3300013815_2	GT19	N
3300013815_2	GT4	N
3300013815_2	GT4	N
3300013815_2	GH23	Y
3300013815_2	GT51	N
3300013815_2	AA6	N
3300013815_2	AA3_2	N
3300013815_2	GT51	N
3300013815_2	PL12	N
3300013815_2	GT4	N
3300013815_2	GT4	N
3300013815_2	GT4	N
3300013815_2	GT4	N
3300013815_2	GH25	Y
3300013815_2	GT28	N
3300013815_2	CE11	N
3300013815_2	GT30	N
3300013815_2	AA12	Y
3300013815_2	GT2	N
3300013815_2	GT4	N
3300013815_2	GT4	N
3300013815_2	GT25	N
3300013815_2	GH3	N
3300013815_2	CE4	N
3300013815_2	GT4	N
3300013815_2	GT4	N
3300013815_2	GT4	N
3300013815_2	GH103	Y
3300013922_2	GH23	Y
3300013922_2	GH23	Y
3300013922_2	GH108	N
3300013922_2	GT30	N
3300013922_2	GT4	N
3300013922_2	GT4	N
3300013922_2	GT4	N
3300013922_2	GT2	N
3300013922_2	GH23	Y
3300013922_2	AA6	N
3300013922_2	GH3	N
3300013922_2	GT19	N
3300013922_2	GH103	N
3300013922_2	GT51	N
3300013922_2	GT28	N
3300013922_2	CE11	N
3300013922_2	GT51	N
3300013922_2	GT51	N
3300013922_2	GT73	N
3300013922_2	GT25	N
3300013922_2	GT4	N
3300013922_2	GH103	Y
3300013922_2	GT20	Y
3300013922_2	GH24	N
3300013922_2	GT52	N
3300013922_2	GT14	N
3300013928_2	GT2	N
3300013928_2	GH23	Y
3300013928_2	GH23	N
3300013928_2	GT51	N
3300013928_2	AA3_2	N
3300013928_2	AA1	Y
3300013928_2	GH108	N
3300013928_2	GH23	N
3300013928_2	GT4	N
3300013928_2	GT32	N
3300013928_2	GT111	N
3300013928_2	GT4	N
3300013928_2	CE4	N
3300013928_2	GT4	N
3300013928_2	GH3	N
3300013928_2	GH103	Y
3300013928_2	GT4	N
3300013928_2	GT2	N
3300013928_2	GT51	N
3300013928_2	AA6	N
3300013928_2	GH23	Y
3300013928_2	GT20	N
3300013928_2	GH103	N
3300013928_2	GT30	N
3300013928_2	CE11	N
3300013928_2	GT28	N
3300013928_2	GH25	N
3300013928_2	GH23	Y
3300013928_2	GH23	Y
3300013928_2	GT19	N
3300013928_2	GT51	N
3300013928_2	GH23	N
3300014014_1	GT20	Y
3300014014_1	GH24	N
3300014014_1	GT2	N
3300014014_1	CE4	Y
3300014014_1	GH103	Y
3300014014_1	GH23	N
3300014014_1	AA6	N
3300014014_1	GH25	N
3300014014_1	GT83	Y
3300014014_1	GT2	N
3300014014_1	GT2	N
3300014014_1	GT4	N
3300014014_1	GT19	N
3300014014_1	GT28	N
3300014014_1	CE11	N
3300014014_1	GT30	N
3300014014_1	GT4	N
3300014014_1	GT51	N
3300014014_1	GH103	Y
3300014014_1	GT51	N
3300014014_1	AA6	N
3300014014_1	GH23	N
3300014014_1	GH23	Y
3300014014_1	GH23	Y
3300014014_1	GT51	N
3300014014_1	GT4	N
3300014014_1	GH3	N
3300014014_1	AA1	Y
3300014014_1	CE4	Y
3300014014_1	GT2	N
3300014014_1	AA3_2	N
3300014014_1	CE4	N
3300014014_1	GT2	N
3300014014_1	AA1	Y
3300014014_1	GH23	Y
3300014014_1	AA6	N
3300014014_1	GT2	N
3300014014_1	CE1	N
3300014014_1	GH108	N
3300014016_3	GH23	Y
3300014016_3	GT19	N
3300014016_3	GH103	N
3300014016_3	AA6	N
3300014016_3	GT51	N
3300014016_3	GT73	N
3300014016_3	GT4	N
3300014016_3	GT25	N
3300014016_3	GT4	N
3300014016_3	GT4	N
3300014016_3	GT20	N
3300014016_3	GT30	N
3300014016_3	CE11	N
3300014016_3	GT28	N
3300014016_3	GT4	N
3300014016_3	GT4	N
3300014016_3	GT4	N
3300014016_3	GH103	Y
3300014016_3	GH3	N
3300014016_3	GT51	N
3300014016_3	GH23	Y
3300014016_3	GH23	Y
3300014016_3	GT14	N
3300014016_3	GT52	N
3300014016_3	GT51	N
3300014062_2	GH25	N
3300014062_2	AA6	N
3300014062_2	GH23	N
3300014062_2	GT4	N
3300014062_2	GH3	N
3300014062_2	GT4	N
3300014062_2	GT20	Y
3300014062_2	GT51	N
3300014062_2	GH103	Y
3300014062_2	AA3_2	N
3300014062_2	GT51	N
3300014062_2	GT2	N
3300014062_2	CE4	Y
3300014062_2	GT2	N
3300014062_2	GT83	Y
3300014062_2	GT25	N
3300014062_2	GT2	N
3300014062_2	CE4	N
3300014062_2	GT51	N
3300014062_2	AA6	N
3300014062_2	GT30	N
3300014062_2	CE11	N
3300014062_2	GT28	N
3300014062_2	GH24	N
3300014062_2	GH103	Y
3300014062_2	AA1	Y
3300014062_2	GT2	N
3300014062_2	GH108	N
3300014062_2	CE4	Y
3300014062_2	GT2	N
3300014062_2	GH23	Y
3300014062_2	GH23	N
3300014062_2	GH23	Y
3300014062_2	GH24	N
3300014062_2	GT4	N
3300014062_2	AA1	Y
3300014062_2	GH23	Y
3300014062_2	AA6	N
3300014062_2	GT19	N
3300014062_2	GT2	N
3300014062_2	CE1	N
3300014070_3	GT2	N
3300014070_3	GH103	Y
3300014070_3	GT83	Y
3300014070_3	GT2	N
3300014070_3	GT4	N
3300014070_3	GH3	N
3300014070_3	GT4	N
3300014070_3	AA1	Y
3300014070_3	GT20	Y
3300014070_3	GT2	N
3300014070_3	CE4	Y
3300014070_3	GT19	N
3300014070_3	GT51	N
3300014070_3	GT2	N
3300014070_3	CE4	Y
3300014070_3	AA3_2	N
3300014070_3	CE4	N
3300014070_3	GT2	N
3300014070_3	GT4	N
3300014070_3	GT25	N
3300014070_3	GH108	N
3300014070_3	GH108	N
3300014070_3	GT30	N
3300014070_3	CE11	N
3300014070_3	GT28	N
3300014070_3	GH25	N
3300014070_3	AA6	N
3300014070_3	GH23	N
3300014070_3	GT4	N
3300014070_3	GT4	N
3300014070_3	GT4	N
3300014070_3	AA6	N
3300014070_3	GH24	N
3300014070_3	GT51	N
3300014070_3	GT51	N
3300014070_3	AA1	Y
3300014070_3	GH23	Y
3300014070_3	GH23	N
3300014070_3	GH103	Y
3300014070_3	GH23	Y
3300014070_3	GH24	N
3300014070_3	GH23	Y
3300014070_3	AA6	N
3300014094_4	GH23	Y
3300014094_4	GH24	N
3300014094_4	GT20	Y
3300014094_4	GH24	Y
3300014094_4	GT51	N
3300014094_4	GH103	Y
3300014094_4	GT2	N
3300014094_4	CE4	N
3300014094_4	GT83	Y
3300014094_4	GT2	N
3300014094_4	GT2	N
3300014094_4	CE4	Y
3300014094_4	AA3_2	N
3300014094_4	GT51	N
3300014094_4	GT30	N
3300014094_4	CE11	N
3300014094_4	GT28	N
3300014094_4	GT4	N
3300014094_4	GH108	N
3300014094_4	GH25	N
3300014094_4	AA6	N
3300014094_4	GH23	N
3300014094_4	AA1	Y
3300014094_4	GT4	N
3300014094_4	GH3	N
3300014094_4	AA6	N
3300014094_4	CE4	Y
3300014094_4	GT2	N
3300014094_4	GH103	Y
3300014094_4	AA1	Y
3300014094_4	GT51	N
3300014094_4	GT19	N
3300014094_4	GH23	Y
3300014094_4	AA6	N
3300014094_4	GH23	Y
3300014094_4	GH23	N
3300014524_4	GT4	N
3300014524_4	GT2	N
3300014524_4	GT20	Y
3300014524_4	GT30	N
3300014524_4	CE11	N
3300014524_4	GT28	N
3300014524_4	GT51	N
3300014524_4	GH23	Y
3300014524_4	GH23	N
3300014524_4	AA6	N
3300014524_4	AA1	Y
3300014524_4	GT4	N
3300014524_4	GT2	N
3300014524_4	AA6	N
3300014524_4	GH23	Y
3300014524_4	GH25	N
3300014524_4	AA6	N
3300014524_4	GH23	N
3300014524_4	GH108	N
3300014524_4	GT51	N
3300014524_4	CE4	Y
3300014524_4	GT2	N
3300014524_4	GH103	Y
3300014524_4	GT51	N
3300014524_4	GT2	N
3300014524_4	GT83	Y
3300014524_4	GT4	N
3300014524_4	GH3	N
3300014524_4	GT19	N
3300014524_4	AA1	Y
3300014524_4	GT2	N
3300014524_4	CE4	Y
3300014524_4	AA3_2	N
3300014524_4	GH24	Y
3300014524_4	GT4	N
3300014524_4	GT2	N
3300014524_4	CE4	N
3300014524_4	GT25	N
3300014524_4	GH23	Y
3300014524_4	GH103	Y
3300014602_2	GT51	N
3300014602_2	GH24	N
3300014602_2	GH103	Y
3300014602_2	AA3_2	N
3300014602_2	CE4	Y
3300014602_2	GH23	Y
3300014602_2	GT2	N
3300014602_2	GT51	N
3300014602_2	GH23	Y
3300014602_2	GH23	N
3300014602_2	GT83	Y
3300014602_2	GH24	N
3300014602_2	GT20	Y
3300014602_2	AA1	Y
3300014602_2	GT19	N
3300014602_2	CE4	Y
3300014602_2	GT2	N
3300014602_2	GT25	N
3300014602_2	GT2	N
3300014602_2	CE4	N
3300014602_2	AA1	Y
3300014602_2	AA6	N
3300014602_2	GT28	N
3300014602_2	CE11	N
3300014602_2	GT30	N
3300014602_2	GH108	N
3300014602_2	GT4	N
3300014602_2	GT51	N
3300014602_2	GT4	N
3300014602_2	GT2	N
3300014602_2	GT4	N
3300014602_2	GH3	N
3300014602_2	GT2	N
3300014602_2	GH103	Y
3300014602_2	GH25	N
3300014602_2	GH23	N
3300014602_2	AA6	N
3300014602_2	GH23	N
3300014602_2	AA6	N
3300014602_2	GH23	Y
3300014602_2	AA1	N
3300014622_3	AA1	Y
3300014622_3	GH23	Y
3300014622_3	GT51	N
3300014622_3	GT2	N
3300014622_3	CE4	Y
3300014622_3	AA3_2	N
3300014622_3	GT4	N
3300014622_3	GH25	N
3300014622_3	AA6	N
3300014622_3	GH23	N
3300014622_3	GT4	N
3300014622_3	GH3	N
3300014622_3	GT2	N
3300014622_3	GH103	Y
3300014622_3	GT83	Y
3300014622_3	GT2	N
3300014622_3	GT30	N
3300014622_3	CE11	N
3300014622_3	GT28	N
3300014622_3	GH24	N
3300014622_3	CE4	Y
3300014622_3	GT2	N
3300014622_3	GT51	N
3300014622_3	GT19	N
3300014622_3	GT4	N
3300014622_3	GT4	N
3300014622_3	GT4	N
3300014622_3	CE4	N
3300014622_3	GT20	Y
3300014622_3	GT51	N
3300014622_3	GT4	N
3300014622_3	GT4	N
3300014622_3	GT4	N
3300014622_3	GH108	N
3300014622_3	GH108	N
3300014622_3	AA6	N
3300014622_3	GH23	N
3300014622_3	GH23	Y
3300014622_3	GH23	Y
3300014622_3	AA6	N
3300014622_3	GH103	Y
3300014628_3	GH23	Y
3300014628_3	GT19	N
3300014628_3	GH103	Y
3300014628_3	AA6	N
3300014628_3	GT51	N
3300014628_3	GT73	N
3300014628_3	GT25	N
3300014628_3	GT4	N
3300014628_3	GT20	N
3300014628_3	GH104	N
3300014628_3	GT4	N
3300014628_3	GH23	Y
3300014628_3	GH23	Y
3300014628_3	GT28	N
3300014628_3	CE11	N
3300014628_3	GT51	N
3300014628_3	GT30	N
3300014628_3	GH103	Y
3300014628_3	GT51	N
3300014628_3	GH3	N
3300014628_3	GT14	N
3300014628_3	GT52	N
3300014894_2	GT19	N
3300014894_2	GH33	N
3300014894_2	GH23	N
3300014894_2	GH23	Y
3300014894_2	GT2	N
3300014894_2	GT51	N
3300014894_2	GT28	N
3300014894_2	AA6	N
3300014894_2	GH23	Y
3300014894_2	CE11	N
3300014894_2	GT30	N
3300014894_2	GT4	N
3300014894_2	GH3	N
3300014894_2	GT4	N
3300014894_2	GT25	N
3300014894_2	GT4	N
3300014894_2	GT2	N
3300014894_2	CE4	N
3300014894_2	AA3_2	N
3300014894_2	AA1	Y
3300014894_2	GH23	N
3300014894_2	GT51	N
3300014894_2	GH103	N
3300014894_2	GT20	N
3300014894_2	GH103	Y
3300014894_2	GT4	N
3300014894_2	GH25	N
3300014894_2	GT51	N
3300014901_2	GT4	N
3300014901_2	GH3	N
3300014901_2	GT4	N
3300014901_2	GT51	N
3300014901_2	GH103	Y
3300014901_2	GT19	N
3300014901_2	AA1	Y
3300014901_2	GT28	N
3300014901_2	CE11	N
3300014901_2	GT30	N
3300014901_2	GT20	Y
3300014901_2	CE4	N
3300014901_2	GT2	N
3300014901_2	AA6	N
3300014901_2	GT2	N
3300014901_2	CE4	Y
3300014901_2	GT51	N
3300014901_2	GT51	N
3300014901_2	GT2	N
3300014901_2	CE4	Y
3300014901_2	AA3_2	N
3300014901_2	GT2	N
3300014901_2	GH25	N
3300014901_2	GH23	N
3300014901_2	AA6	N
3300014901_2	GH24	N
3300014901_2	GT2	N
3300014901_2	GT4	N
3300014901_2	GT2	N
3300014901_2	GT83	Y
3300014901_2	GH103	Y
3300014901_2	GH23	Y
3300014901_2	GH108	N
3300014901_2	GH23	Y
3300014901_2	GH23	N
3300014901_2	AA1	Y
3300014901_2	AA6	N
3300014901_2	GH23	Y
3300025061_11	GT30	N
3300025061_11	GT19	N
3300025061_11	GT4	N
3300025061_11	GT51	N
3300025061_11	GH103	Y
3300025061_11	GT14	N
3300025061_11	GH23	Y
3300025061_11	GH103	Y
3300025061_11	GT51	N
3300025061_11	GH23	Y
3300025061_11	GH23	N
3300025061_11	GT4	N
3300025061_11	GT4	N
3300025061_11	AA6	N
3300025061_11	GH3	N
3300025061_11	GH103	Y
3300025061_11	GT25	N
3300025061_11	GT25	N
3300025061_11	CE11	N
3300025061_11	GT28	N
3300025061_11	GT51	N
